Time,Transaction_Amount_Ratio,Transaction_Frequency,Merchant_Risk_Score,Customer_Risk_Score,Account_Age_Months,Device_Trust_Score,Location_Risk_Score,Transaction_Velocity,Cardholder_Behavior_Score,Fraud_Risk_Index,Amount,Class
138242,-4.28,4.466,3.507,-3.933,-3.126,-1.142,0.894,-3.402,1.188,-4.603,897.38,0
133725,-3.542,2.623,-0.102,3.883,-4.359,3.3,4.044,3.215,3.555,-2.445,1871.49,0
43798,-2.914,4.797,-1.45,0.252,1.718,4.812,0.175,3.639,-4.459,2.002,1281.38,0
122976,-2.646,-0.636,0.917,-2.126,1.309,-4.204,-2.319,-2.519,-3.083,4.216,2322.21,0
152224,-0.541,1.73,-2.082,1.822,1.519,-4.392,-4.246,3.285,2.744,4.563,3737.36,0
150510,-2.494,1.106,3.275,0.278,1.033,3.303,3.953,-2.372,-3.741,-3.537,1097.06,1
160309,,-3.86,2.842,3.075,-3.888,-3.377,4.655,-4.413,2.588,-3.208,1885.76,0
84025,3.406,0.205,4.239,1.943,3.366,2.131,2.803,3.529,2.02,2.79,4893.75,0
94987,-1.038,-1.116,-3.181,-3.467,2.989,2.985,2.04,4.053,4.985,-4.538,167.54,0
157866,3.959,3.938,0.867,-3.989,0.599,-1.047,0.363,1.238,4.816,3.747,1596.16,0
169295,-1.988,-4.548,3.826,3.457,4.429,-0.743,-3.956,-2.964,-0.073,-0.878,2535.83,0
40897,-0.265,-3.878,-4.126,-1.267,-3.646,-1.759,-1.658,-3.557,2.2,4.84,2244.26,0
31189,,-1.916,-3.607,4.75,3.381,-0.416,-3.851,2.913,-4.974,-1.133,1390.6,0
4523,3.911,2.957,-0.15,-0.325,2.711,3.548,2.063,-3.432,3.263,-2.137,4163.57,0
110980,2.155,-0.89,-1.054,4,-0.352,-4.648,-2.025,4.798,3.982,3.398,1661.65,0
53345,-2.273,4.341,0.635,-2.234,-4.75,-0.667,4.679,-4.388,1.425,-4.993,4114.59,0
139825,-2.935,1.139,3.666,4.145,2.293,1.431,-4.631,3.171,0.43,2.13,2967.48,0
143851,-0.731,-4.269,1.333,4.522,-1.303,-1.925,-3.585,4.82,-0.652,4.13,1652.22,0
3355,-2.316,4.353,4.251,-4.429,-3.685,1.921,-1.067,-3.706,1.607,-2.937,3857.17,0
155243,2.429,0.86,1.985,-3.916,-3.344,-3.397,-0.304,-2.31,2.163,0.058,4912.42,0
91738,-4.103,-3.473,-2.557,0.149,4.697,-1.989,-3.655,2.587,0.933,-1.7,4298.66,0
168187,-1.936,2.761,4.147,2.321,3.399,1.854,2.568,1.181,1.527,2.749,3190.28,0
40437,1.877,0.351,3.801,2.271,-2.634,-2.51,4.359,-2.28,-1.454,1.065,484.21,0
132329,-2.859,-4.497,-4.207,-4.735,-1.269,-4.517,0.303,2.589,-1.761,-1.973,4552.51,0
151773,-4.642,-4.616,0.001,-4.541,-4.828,4.654,1.651,-1.994,-1.18,0.007,?,0
155170,4.277,-1.702,0.708,2.139,-1.336,-0.895,2.24,-0.833,0.666,-2.892,85.19,0
18283,-2.054,2.342,-2.884,3.876,3.303,-0.973,4.702,1.632,2.787,-2.16,2102.18,0
15596,-4.431,-1.598,-1.081,4.63,-0.67,-4.984,2.524,-4.542,-3.753,2.585,569.08,0
29508,0.728,-2.227,-4.251,-4.367,0.396,1.762,-3.761,4.507,-3.804,-3.669,147.38,0
134133,-0.37,-2.895,1.465,-2.687,-2.062,3.963,0.507,-1.979,4.53,-1.8,2264.33,0
124069,,-0.629,0.909,3.756,1.805,-2.552,3.244,0.532,2.363,4.429,3971.5,0
79020,-0.301,-4.205,3.302,3.527,-3.674,2.777,-3.592,-4.205,-2.448,4.155,3645.25,0
109890,-2.504,0.536,-2.301,3.25,1.786,-1.44,4.305,0.371,-1.036,4.247,2427.85,0
159970,3.344,-1.74,-0.92,1.029,-1.272,-0.624,0.574,-0.431,-4.008,-3.944,?,0
41755,1.613,2.793,-0.472,-2.964,-1.193,2.614,-2.428,1.008,-4.566,-4.351,3539.32,0
34150,4.72,-2.836,0.816,1.28,-2.039,-4.699,2.326,-2.968,-1.064,-3.567,156.35,0
154731,-3.437,4.056,3.562,-0.416,4.538,-3.379,-1.888,4.28,-3.509,0.902,1395.65,0
159010,-3.008,-0.53,1.38,-3.969,1.988,1.416,2.916,2.402,-3.784,-3.165,2312.66,0
123607,0.492,1.601,1.827,-0.597,-3.167,0.01,-3.832,-2.791,3.919,-1.424,4369.4,0
16181,0.075,-3.822,4.348,4.412,1.042,3.359,-0.043,-3.484,2.398,-1.688,3753.79,0
21741,-1.444,error,-2.199,-1.772,2.664,4.468,-3.451,-2.627,1.052,2.547,3133.1,0
120670,4.872,0.942,-2.377,-4.005,-3.089,1.104,-0.312,-4.473,-3.883,0.925,2412.18,0
138343,0.106,-3.628,4.538,4.089,-1.437,-1.437,-2.395,-3.7,-4.046,-0.242,1807.77,0
156016,,1.053,4.074,3.011,-1.231,2.267,1.758,-4.057,3.256,-3.13,252.72,1
163421,-0.465,-4.036,-2.341,0.976,0.144,-1.046,4.49,4.025,-0.247,-1.146,4869.66,0
63793,-2.14,-0.61,3.125,-0.214,0.296,-2.947,4.655,4.362,-3.682,4.553,519.33,0
66394,0.597,4.244,2.311,2.451,-0.833,1.512,-0.086,-3.993,-1.172,3.65,217.04,0
63871,-0.051,-1.659,2.242,-4.079,-1.131,-0.341,3.484,4.985,2.721,-2.349,4862.46,0
141148,-2.305,3.252,4.047,1.196,-1.821,-0.415,2.117,2.567,2.066,-0.967,3899.94,0
148922,-4.542,-3.274,-2.104,-0.101,-1.939,4.892,-3.692,-4.389,0.054,4.754,212.39,0
33798,0.538,-2.21,1.711,4.979,0.03,2.161,-1.397,-0.552,-4.82,4.706,143.8,0
101045,0.726,-0.204,-2.402,1.31,4.148,0.813,-0.335,-0.576,-4.837,-0.512,4842.99,0
123402,2.17,1.306,0.447,-2.059,3.449,-2.385,2.144,3.007,0.216,1.623,3196.87,0
10546,-3.108,-0.321,-0.931,-3.023,4.62,2.58,-0.02,-0.101,-3.656,-1.422,1113.42,0
37131,4.225,2.879,3.963,-3.936,-3.568,2.969,2.472,-3.884,4.976,1.558,4357.74,1
166746,-4.807,-2.866,-1.056,-4.639,3.475,-1.341,-3.357,0.126,2.112,1.551,3001.34,0
74730,3.628,2.633,0.129,-3.607,4.622,4.512,-0.704,4.704,-0.187,3.718,4218.88,0
125080,-4.766,3.931,1.32,4.456,-0.934,-2.888,-3.337,-1.109,-1.055,-0.637,1068.93,0
11341,-4.641,-1.887,-4.853,3.243,2.635,1.498,-3.783,2.362,0.436,-1.737,4841.62,0
38608,2.579,-3.544,3.598,4.902,4.269,-2.03,4.573,-1.021,2.136,-3.642,1955.99,0
154800,0.47,-3.491,1.05,2.252,0.474,0.362,-4.044,-1.494,-1,-3.477,2622.11,0
86850,1.996,-2.886,0.618,2.027,1.015,4.175,-0.634,1.849,-3.516,-4.714,4634.19,0
103942,1.761,-1.097,0.027,-3.347,-2.395,-3.344,0.295,2.464,1.235,-2.049,173.49,0
28246,-1.791,4.928,3.817,0.824,-2.616,-3.507,4.378,0.363,-3.642,3.814,4869.94,0
72123,2.151,2.641,1.436,2.995,1.855,3.254,0.362,3.249,0.401,2.206,2192.81,0
70249,-4.464,2.303,-1.213,0.18,-0.358,3.641,-2.918,0.998,-3.889,-0.492,3497.27,0
54759,-4.968,2.634,-4.695,-3.664,-2.862,4.906,-4.869,-1.23,-1.759,-0.742,1201.78,0
48227,1.244,-2.106,-2.275,3.636,2.993,-0.038,-0.524,-3.08,-1.805,-2.157,1244.02,0
91760,1.717,-1.777,-0.812,3.174,-4.338,2.766,0.897,-3.505,-0.773,-4.475,2408.05,0
127060,1.281,0.34,3.424,4.945,1.724,4.947,3.833,4.463,2.436,-0.937,?,1
102522,-0.65,-3.858,-2.793,3.213,-0.057,1.176,-3.182,-2.599,-0.257,4.151,2432.18,0
85150,-1.729,-0.191,-3.955,1.894,4.111,-3.059,-3.113,-1.754,3.512,1.371,1408.21,1
145628,-2.51,-0.015,-3.342,-2.038,-1.956,-2.241,0.983,4.717,2.861,4.409,3184.35,0
126534,,-0.884,0.534,-0.769,-1.47,-0.092,-4.604,2.478,2.297,0.478,131.53,0
71876,0.653,-2.481,4.99,3.954,3.915,0.834,4.487,-1.089,-4.308,-1.067,796.06,0
15763,-2.779,-3.874,-0.661,-3.463,3.228,0.358,-4.952,-0.527,-4.419,-2.78,3221.56,0
57642,2.24,3.882,3.593,1.872,-4.436,1.317,-3.439,-4.451,-3.142,3.015,4644.08,0
29347,-3.622,-3.967,-4.403,-4.5,-0.82,4.181,0.016,-1.342,4.251,0.25,3125.26,0
82202,1.55,-1.763,0.139,1.431,0.734,-0.862,4.595,-4.966,-3.418,2.356,1419.7,0
171124,-3.274,error,3.483,4.894,3.33,4.046,1.159,-1.041,-3.923,-2.936,223.91,0
43019,-0.735,-3.627,2.626,-0.548,0.128,-3.457,-1.575,-3.975,0.09,2.449,4124.12,0
57546,-1.819,-4.786,1.034,-1.893,-2.397,-4.998,-1.649,0.921,3.865,2.978,3463.68,0
53839,3.2,3.114,3.058,-1.373,4.519,-0.166,1.54,-2.424,-4.629,0.996,158.27,0
45577,-1.585,0.087,-2.486,4.955,-2.893,-1.966,-0.362,-1.931,2.285,-4.374,2713.95,0
47312,1.876,4.171,-0.1,-4.848,-3.705,3.424,-4.95,-2.247,-4.267,-1.692,1255.84,0
169671,3.801,-1.727,-0.061,1.722,4.676,-2.93,-2.021,2.903,-2.205,2.714,225.16,0
127211,2.209,-1.882,0.665,-0.91,-2.983,1.941,1.126,-0.544,3.292,3.559,1811.95,0
74141,4.225,-3.235,-0.884,-2.326,3.224,-0.392,3.496,2.5,-1.437,-0.244,4665.98,0
113707,3.094,0.427,3.131,-4.494,-0.82,2.881,3.747,4.745,-3.822,-3.435,4346.11,0
50245,0.031,4.368,-1.17,0.433,-0.848,2.491,2.162,-2.052,4.691,4.275,2309.9,0
102706,2.776,-4.047,2.655,-2.062,-4.03,-3.292,2.842,2.424,4.424,-3.148,3645.75,0
13498,-2.464,0.29,2.515,2.298,0.337,-0.323,3.103,3.494,2.99,-2.844,432.64,0
132948,-2.581,4.081,-2.145,-1.042,2.407,-3.412,3.777,0.554,-4.816,-2.039,1861.13,0
18476,-2.195,-3.841,4.354,4.217,4.093,-2.224,3.199,-4.671,-2.93,-0.656,994.71,0
115279,-3.54,-2.406,1.788,-3.251,-0.306,0.164,1.142,3.269,3.425,3.893,1862.08,0
158630,-1.126,3.956,-0.3,-0.131,-3.436,-3.86,-4.02,-1.972,2.992,0.285,625.92,0
113876,-1.357,3.067,-3.889,-2.28,1.941,1.263,-4.096,0.756,-1.803,-2.129,1808.3,0
56579,-2.414,1.565,1.078,-3.219,0.925,2.493,1.929,-4.495,2.571,-2.147,3292.13,0
85413,-4.656,-3.357,2.654,-3.441,-2.435,1.616,-2.863,-3.368,0.328,-0.523,2840.91,0
171927,3.058,3.867,-3.067,-2.422,2.991,1.137,1.009,-0.488,2.534,3.038,2428.81,0
166710,-3.282,1.673,0.905,4.515,1.463,-1.09,-3.013,-2.963,-1.393,4.955,2888.47,0
77472,-3.577,3.973,-3.396,2.819,0.524,1.771,-2.314,4.832,2.692,4.789,3326.67,0
93701,2.845,-2.803,-1.992,-4.998,2.61,3.253,3.426,-0.675,-4.19,4.329,3766.39,0
166332,-4.586,2.55,-1.021,1.078,-2.676,-2.775,-1.381,2.098,1.601,3.753,3658.19,0
64367,3.329,0.564,1.403,1.501,-2.386,-2.585,2.724,4.497,0.464,-1.794,3354.83,0
147868,4.239,3.107,4.497,1.599,-2.779,-4.335,4.923,4.731,-2.789,4.996,2758.29,0
40849,3.793,-4.533,-4.931,-0.354,-1.965,-4.573,1.656,-2.452,-3.786,4.203,1988.66,0
36742,0.74,0.131,-3.293,-0.521,-2.003,-2.089,3.149,-2.133,-0.864,3.812,4847.62,1
20494,1.072,-0.585,4.821,0.387,2.502,1.165,1.823,1.678,3.906,1.351,4177.54,0
118859,4.381,-4.277,-2.249,4.024,-0.3,2.556,2.44,-2.644,-4.579,-1.722,2539.19,0
153682,-2.716,-3.757,3.939,3.4,-2.855,-0.037,-4.115,2.619,1.65,-1.316,2459.76,0
123232,-1.834,-2.406,3.315,-0.245,-3.829,-0.973,0.91,-1.761,-4.836,0.851,1736.75,0
95025,1.059,0.68,3.623,3.121,-0.052,2.371,-4.186,1.198,-3.151,-4.783,1633.06,0
87814,4.74,1.365,4.44,3.793,4.239,-4.507,3.525,-1.985,-1.812,2.451,2032.49,0
16310,-3.259,4.339,1.6,-2.732,1.545,0.88,-1.088,2.994,-3.666,-1.358,78.86,0
99224,4.131,-0.61,-4.938,-2.892,1.951,-0.233,-4.151,-1.032,2.047,0.792,1519.97,0
102983,-4.935,-1.551,2.102,2.186,2.357,-0.308,-0.656,4.095,3.883,3.022,3683.84,0
71659,-1.955,-2.905,1.422,3.227,-3.602,-4.748,-3.51,4.044,1.436,1.11,3241.63,0
105157,-0.017,2.618,2.131,4.193,-4.283,1.404,1.442,1.484,0.024,-1.438,1469.09,0
80237,2.417,1.148,2.441,-2.435,3.165,-1.219,-4.862,0.013,-0.723,0.947,3773.28,0
89444,-3.869,-0.193,1.92,-3.768,-0.2,-1.214,2.548,4.128,-1.557,3.714,1873.09,0
132019,-0.349,-2.448,3.618,0.283,1.789,4.544,0.069,2.182,3.895,4.444,4969.54,0
16914,-3.097,-0.473,-2.167,3.553,-3.711,2.53,3.017,-2.711,-4.432,2.727,840.53,0
47865,3.004,4.202,-2.984,-4.902,-3.848,-0.473,-3.394,-4.873,-1.2,1.927,1801.48,0
91448,-3.631,-0.066,2.997,0.807,-3.302,-1.819,-3.838,-3.484,-2.544,-0.592,2272.42,0
40477,0.938,4.754,0.19,2.014,-0.044,0.043,0.37,-0.426,1.879,0.639,3830.3,0
77564,0.112,-0.425,-3.853,-4.172,4.594,3.166,-4.931,1.808,0.349,-3.496,1917.8,0
166116,-0.38,-4.261,-1.103,-0.652,-0.685,0.891,2.37,-3.855,-2.931,2.074,2332.4,0
7492,1.648,-2.134,4.405,3.098,4.759,-1.049,1.347,4.98,-3.335,-4.774,1068.77,0
532,-4.661,3.633,-3.427,-0.868,3.337,-3.159,0.057,2.445,-2.524,4.468,1781.92,1
148784,1.425,-1.905,-2.336,-4.421,-1.612,0.702,4.98,3.351,-3.771,2.396,3297.3,0
157436,-4.47,-2.718,-3.724,3.315,-4.022,2.396,4.516,1.571,2.644,-3.73,3169.95,0
63715,0.123,4.111,2.604,-4.181,-4.109,-2.287,-3.073,1.632,3.781,4.495,3003.37,0
72172,-3.469,-4.604,1.056,2.758,3.7,3.616,0.404,-3.178,1.854,-4.578,2164.31,0
123877,-3.404,-4.406,4.477,-2.94,-1.583,-4.527,1.973,0.255,-3.468,0.523,4223.08,0
148195,-4.211,0.799,-1.344,2.684,-4.019,3.183,-3.232,1.774,0.969,-3.281,3569.44,0
107771,1.51,2.236,-3.373,3.522,0.619,-2.694,-2.432,4.122,-1.399,-3.957,?,0
22457,-4.113,1.49,0.942,-1.983,1.996,-3.046,2.183,3.588,4.511,-4.221,2552.07,0
34516,-1.805,-0.651,-2.755,-2.907,2.208,2.155,1.317,2.552,-0.342,3.009,3477.87,0
54142,0.423,-1.176,3.206,-1.154,-2.827,-4.973,-3.37,-0.709,3.735,2.32,2182.13,0
156366,-2.308,4.098,4.995,4.544,3.966,-3.144,-2.79,-0.156,-1.944,4.142,1021.61,0
107673,1.423,-2.715,3.582,4.373,3.806,3.31,1.254,-3.973,1.617,-3.678,4356.79,0
92097,-3.486,-1.778,3.709,2.146,4.202,-0.935,-1.824,3.558,-2.155,-3.161,623.71,0
166822,-2.886,-4.921,-0.532,4.139,0.505,4.959,-4.393,-0.648,1.12,0.588,2877.46,0
132872,-1.584,error,3.043,2.551,0.754,-2.88,2.228,3.101,1.299,-3.242,3118.83,0
119573,2.63,-2.292,-1.268,-1.206,-3.15,-4.746,3.215,2.433,4.699,3.068,2361.74,0
17761,2.57,3.109,-4.651,-0.362,1.466,-4.469,-0.93,-3.467,0.252,3.669,1022.42,0
111077,3.341,-3.264,2.796,-3.058,1.583,4.809,1.35,-1.989,-3.531,-3.142,3253.09,0
104885,-3.871,2.748,4.751,4.184,1.86,2.955,-2.301,-2.262,4.447,1.735,2936.72,0
29176,-0.762,-1.282,3.978,4.273,-4.792,2.44,-2.254,3.128,-3.923,-1.445,3714.55,0
166509,-0.621,-0.846,-2.148,-3.043,-3.441,3.37,-2.834,-0.005,-1.345,1.194,731.13,0
152773,-4.797,3.322,-3.097,3.347,2.517,-0.175,-0.393,-1.531,0.899,-2.815,1956.87,0
157496,-2.053,4.751,3.628,-1.157,3.219,-1.383,-2.545,-0.665,-0.473,-2.465,270.28,0
98560,3.655,-2.253,0.636,2.775,1.037,-4.542,0.366,2.642,-3.286,-1.291,4820.16,0
100643,-1.849,1.874,1.925,2.637,3.476,2.195,0.978,-3.781,1.568,1.852,3288.17,0
70972,-4.711,-3.608,-4.31,3.132,3.982,-1.321,4.048,-0.827,3.654,4.112,1635.8,0
4803,0.021,1.174,0.652,-2.003,3.622,-3.933,-1.014,-1.175,-3.694,-1.556,4643.8,0
17763,-3.568,1.108,4.906,3.358,4.346,-2.16,-3.479,4.339,1.467,0.407,426.45,0
34851,1.062,-3.962,3.649,2.636,-1.453,3.69,0.373,4.078,3.007,3.636,915.01,0
133855,0.471,4.79,4.546,0.808,1.124,-1.106,-3.155,1.183,-0.32,-0.049,4033.95,0
54368,2.515,3.599,3.975,1.764,0.516,2.716,0.425,-0.817,1.027,3.118,1091.47,0
48649,-4.18,3.866,3.318,-0.754,-4.573,-4.325,2.887,-0.972,1.609,-1.628,2049,0
8639,3.049,-2.264,2.752,0.867,3.601,2.075,4.001,2.646,-2.597,4.886,2474.82,0
17746,-2.257,-3.215,2.307,4.556,-2.539,-4.335,1.022,4.444,1.647,4.716,4036.91,0
126954,1.803,-3.621,1.192,-0.344,-0.406,0.602,3.881,4.404,-2.562,-3.498,4864.74,0
46639,-1.799,-1.405,2.378,-4.586,3.611,3.475,-3.036,-0.431,-0.775,4.168,1927.91,0
124095,-4.747,-3.871,-1.163,-4.974,-1.136,-3.066,-3.315,0.849,1.439,3.225,1875.77,0
35586,-3.446,-0.59,2.427,-2.688,4.539,-4.058,3.198,3.516,2.702,4.904,2300.1,0
145728,-4.086,4.87,2.543,-2.48,3.589,1.097,-1.17,-0.845,-1.314,-0.714,2534.47,0
104297,-0.269,-3.913,-3.253,-2.598,-0.406,-0.496,-1.752,-0.785,-4.142,2.982,1569.81,0
157435,1.638,-1.789,2.786,4.117,-4.47,2.448,-1.372,-3.823,-2.892,0.751,1880.81,0
22751,4.778,1.987,-1.039,2.828,-4.922,-1.858,2.623,-1.692,-2.01,-0.733,3643.36,0
171444,1.369,0.698,3.368,0.112,4.254,-4.728,-3.087,1.234,-1.024,1.566,2795.72,0
30342,,-0.985,0.615,-0.401,-4.579,-4.564,4.295,1.733,4.073,2.232,134.63,0
164005,3.488,-4.833,1.549,-0.42,-4.838,-0.837,0.922,-2.046,3.188,1.423,46.16,0
131019,3.107,0.339,-2.068,1.504,2.615,-0.866,-2.899,-3.946,-4.884,-4.368,2251.79,0
142425,3.519,-4.948,1.723,-1.209,-3.529,2.436,-0.109,3.002,0.666,-0.344,509.8,0
46786,-0.524,-3.811,-4.502,1.504,2.693,2.689,-1.487,3.376,0.33,-2.108,2617.19,0
140027,-0.588,-4.997,-1.886,-3.695,-0.647,-0.422,0.764,-0.152,-4.224,-0.042,2202.5,0
172560,0.238,-4.989,4.558,1.923,3.819,-2.514,-0.481,1.838,-4.779,4.619,654.73,0
15799,-2.245,-2.749,4.567,1.504,0.227,4.215,-1.481,-3.222,-4.248,-3.387,4772.63,0
108065,-4.877,2.599,2.189,-0.73,4.076,-4.076,-2.853,-3.243,-2.228,3.322,2225.79,0
93272,4.854,3.403,4.261,-0.953,-1.883,-0.898,4.186,0.106,3.219,-2.659,2661.96,0
118436,-1.991,-1.492,-1.279,-4.752,-1.631,-3.534,0.578,0.208,2.482,-4.805,1555.6,0
48419,1.194,-0.498,-4.684,1.127,2.097,3.41,-2.631,4.468,4.216,-2.141,2724.18,0
16078,-1.007,4.617,1.205,-2.155,-2.81,-1.01,-1.571,3.744,0.265,-2.563,2960.73,0
130148,-3.264,-4.005,3.056,-4.395,1.961,3.083,-2.705,-1.821,-2.713,2.537,3769.68,0
83280,-2.818,1.432,3.95,-3.714,-2.759,0.2,0.525,-4.024,1.685,2.712,1180.92,0
15214,-1.281,-3.686,4.993,-1.192,0.526,0.235,-2.359,2.67,-2.164,-0.676,3796.78,0
88622,-2.085,2.641,-1.844,2.961,0.305,-3.889,1.479,1.385,-2.808,1.613,?,0
20559,4.142,2.748,-4.214,-3.888,1.209,-3.93,1.459,-4.725,-4.311,-0.013,2452.63,0
47172,-2.17,2.964,1.628,4.999,-0.076,-1.994,-3.93,4.518,-3.504,-0.865,2083.31,0
57261,4.438,2.742,4.142,4.213,-2.134,-2.668,4.477,2.582,4.31,2.835,3527.93,0
65756,1.496,-4.868,2.786,1.285,-2.968,3.386,1.783,-2.33,4.774,-4.704,733.94,0
166997,-1.734,1,-3.462,-1.149,-2.617,1.16,-3.486,-1.843,-1.729,1.993,4146.66,0
136224,3.914,1.678,-1.183,2.575,2.888,-2.215,-4.522,2.271,-3.093,-4.431,1053.09,0
58553,-0.512,1.994,-3.933,-3.592,3.501,2.702,1.534,1.985,4.107,-3.027,318.33,0
9789,-4.193,1.805,1.44,-4.94,-4.12,-4.979,-2.462,-3.743,1.91,0.975,408.46,0
24069,1.228,3.774,-1.948,-1.545,4.977,3.029,-1.012,-0.958,-2.287,-3.638,2188.59,0
141907,-0.108,-4.661,3.035,-0.383,-4.159,-1.599,-0.139,1.876,4.403,-2.888,3432.58,0
128403,0.135,3.142,1.388,-3.305,-4.942,0.053,-3.376,3.941,-3.644,-2.053,3027.27,0
91368,4.113,-1.618,1.435,3.799,4.569,2.771,-1.033,-3.67,-0.678,-3.748,388.51,0
15508,-2.345,-2.823,-4.065,2.716,-2.328,-1.855,1.651,4.883,-1.77,-4.641,4347.8,0
102045,-3.478,-3.187,-4.548,-0.742,4.138,-1.551,-2.026,-2.75,-0.549,0.711,2881.47,0
146078,-1.452,-0.665,-0.841,-3.026,1.152,0.652,4.221,1.645,-4.06,1.718,2360.8,1
158712,-3.179,-1.359,2.207,0.66,-0.893,-4.21,0.333,2.119,-4.483,0.769,3357.36,0
90555,-0.551,1.336,1.342,-3.22,-0.788,-0.078,-1.065,-4.198,4.67,-0.016,3679.32,0
46606,1.873,-0.647,2.525,1.368,2.771,0.386,-1.893,-0.322,-1.713,0.377,1210.16,0
81750,-2.456,-1.659,4.055,-1.438,2.267,-1.984,0.658,-1.467,4.187,-0.136,3761.32,0
102483,-0.797,1.521,4.068,-0.259,1.174,3.689,-0.255,-4.587,-2.543,4.629,3913.48,0
166456,-4.078,-4.209,1.338,-0.782,-0.701,-3.514,-4.569,3.725,-3.57,3.455,737.78,0
155492,3.327,3.22,2.563,-0.995,-3.649,4.451,-0.74,-4.64,3.768,4.895,4687.17,0
102065,-3.347,0,-1.665,2.896,4.995,-2.173,4.864,-1.451,-4.438,3.312,4547.1,0
164636,-1.575,0.537,0.709,-2.393,-0.129,-2.76,-0.089,-2.515,-1.009,-4.419,3535.66,0
156224,-4.432,1.544,0.062,4.147,-2.593,1.188,0.534,-0.366,-2.109,-2.911,3360.02,0
15360,3.81,-3.888,-4.931,-4.26,-2.153,-4.989,2.978,-3.987,1.926,-1.691,?,0
70929,-1.435,-2.027,-2.339,4.484,-4.263,0.744,-1.834,0.639,-4.052,0.107,?,0
103926,,0.533,2.488,-0.207,4.101,-0.086,-3.237,0.992,1.796,-3.368,540.66,0
56568,2.605,3.003,1.951,-0.943,-1.643,3.058,2.715,-3.486,-1.239,3.913,559.35,1
22681,1.459,1.222,-3.769,1.626,-3.19,4.331,1.738,-1.53,4.012,4.887,2248.34,0
117720,4.305,3.774,-2.528,4.994,3.842,0.32,-0.019,-1.28,-0.531,-3.433,1122.62,0
115940,2.395,1.863,4.707,1.942,0.445,3.749,1.641,-0.036,3.85,3.183,1083.5,0
31831,4.061,-1.075,4.894,-3.17,2.127,1.833,-2.158,-4.679,-4.115,-2.208,4622.94,0
122896,-3.582,3.369,-1.633,-4.666,3.396,1.644,0.988,4.223,3.97,1.991,3008.32,0
160765,3.418,-2.367,0.414,4.636,0.178,1.102,1.82,4.954,2.479,4.781,3503.31,0
52825,2.589,-4.697,-1.015,2.37,1.383,0.498,1.235,-4.334,0.869,0.112,?,0
96415,-1.656,-4.797,2.451,2.368,0.075,-4.027,-0.805,1.827,-3.516,3.077,3999.51,0
41341,2.635,3.325,4.259,-1.543,3.843,-4.742,-3.656,3.532,0.023,2.891,3888.26,0
134820,-4.303,-0.144,-3.204,2.583,2.98,4.575,3.85,3.501,-1.556,0.251,2305.14,0
91488,4.393,-2.209,-1.496,-4.426,0.5,-4.743,-1.782,1.037,1.889,-1.266,1518.64,0
72037,-2.179,4.982,-2.385,-1.213,2.477,-1.495,1.785,-0.424,-3.844,0.96,2503.87,0
147740,1.6,2.557,2.151,3.711,-2.417,1.252,-1.278,0.618,4.468,-2.452,3608.7,0
137354,-1.197,-0.806,4.983,3.982,-1.641,4.364,-4.244,4.689,-2.83,-2.32,1231.92,0
66927,0.124,-4.335,4.679,-2.354,-1.396,1.254,0.066,-3.109,-2.486,3.772,4240.46,0
51718,0.011,2.24,-3.167,2.208,-1.045,4.386,-0.404,-3.027,2.756,-4.727,2268.04,0
56970,4.247,4.095,-4.116,-1.212,-0.216,0.114,4.809,-0.579,-4.913,3.8,3154.95,0
163695,-0.165,2.821,-3.295,-3.443,0.532,2.512,3.038,-2.65,1.438,3.2,4310.35,0
88968,-2.555,-0.883,2.879,0.19,-1.569,-4.794,1.116,2.133,2.828,-0.698,3555.14,0
106518,3.765,-3.409,3.746,2.112,1.004,4.34,-1.954,-4.515,4.114,-4.6,4016.04,0
1839,3.446,3.757,0.278,1.038,-0.826,-3.692,0.493,-1.699,-1.548,1.862,4256.5,0
165389,3.714,2.358,1.804,-3.442,1.73,-0.725,4.549,0.698,4.667,-4.444,3912.25,0
148625,-0.926,3.594,1.151,2.239,-1.013,-1.047,-2.812,0.444,2.137,2.512,1859.7,0
144044,1.86,-3.792,-0.627,2.801,-1.874,2.826,-3.427,-3.312,1.913,-2.128,2154.48,0
81731,-3.48,-1.504,-2.185,0.216,2.487,4.958,-1.086,-1.368,-1.642,3.821,2126.55,0
68071,2.906,-4.677,4.929,1.468,-1.932,-3.113,-3.109,2.836,-1.175,-1.879,3306.29,0
41434,-3.284,0.533,-1.258,-3.094,-2.317,2.415,-0.741,0.404,2.757,-1.498,4352.01,0
53138,4.035,-1.129,1.648,-4.274,-3.289,3.974,-0.778,-2.467,-0.39,0.347,2581.54,0
105163,0.099,4.037,4.138,0.928,3.04,-0.553,1.876,0.776,1.212,2.863,4238.54,0
373,-0.222,-1.137,4.597,-3.891,1.074,3.045,0.58,1.01,2.419,-0.414,3925.66,0
4792,0.466,-4.398,-1.35,-3.862,1.777,2.616,3.436,1.972,-0.971,0.986,2645.11,0
22050,-2.853,-4.465,4.556,0.891,-1.492,0.48,-1.766,4.788,-1.232,-3.447,2062.18,0
121565,3.928,2.142,-2.694,1.386,-4.165,-1.367,0.013,-0.388,-3.724,-4.952,376.35,0
119858,-3.765,-3.135,2.622,2.797,-4.025,-0.928,0.997,2.385,-4.362,-1.803,3436.08,0
44589,3.888,-3.68,-0.775,3.154,-1.261,-2.41,-4.232,4.952,-4.185,3.346,971.72,0
167759,0.514,0.924,4.583,3.898,-4.827,0.903,-4.812,3.164,-0.535,4.508,1207.46,0
59862,-4.091,4.234,3.596,0.965,-2.97,-1.263,-4.784,-1.407,0.422,4.053,15.9,0
96090,3.063,0.395,-2.419,2.545,0.433,-1.343,-3.818,3.706,2.231,2.56,3609.22,0
35812,1.951,error,-3.084,-4.24,-0.389,-0.179,3.814,-3.878,-4.343,-4.248,4190.31,0
11404,-3.428,3.416,4.936,-0.205,2.218,-1.022,-1.562,4.457,-1.258,2.167,3735.94,0
63704,2.865,0.807,4.562,-3.552,-3.918,-0.537,1.265,0.989,1.4,-3.991,1062.98,0
110457,4.713,2.225,4.257,-0.061,1.997,-0.175,-3.84,-1.74,-0.499,0.985,2574.06,0
84233,,-0.699,-1.9,-0.072,-3.667,-1.984,-2.888,4.084,-4.727,2.23,1807.66,0
133728,-4.696,1.582,4.089,-3.851,-1.38,-2.656,-0.685,-0.183,4.164,-3.042,2157.06,0
76385,4.323,-4.204,3.207,-2.38,3.473,1.634,2.715,-3.683,-1.395,-4.243,2434.02,0
116851,-4.114,-3.233,4.275,3.889,3.494,-1.983,2.689,2.472,-3.188,-4.695,2959.92,0
109707,-3.323,-4.877,4.244,-0.611,-4.575,-1.264,4.552,3.669,-2.379,-4.142,4934.83,0
60504,-4.417,-0.793,-0.849,0.023,3.963,0.488,-1.633,-3.488,3.269,1.745,4898.46,0
169361,-2.726,0.994,2.925,1.555,2.779,2.073,-2.052,-3.254,-2.508,-4.124,3095.34,0
104345,-3.632,1.536,-1.063,1.182,-4.074,3.541,-3.817,0.353,3.518,-4.769,92.67,0
113399,2.569,-2.144,-0.331,-0.648,-0.405,-2.871,-4.16,-2.263,4.465,-4.084,4299.63,0
148941,-0.356,-2.891,-1.149,-3.578,1.158,4.666,-1.647,-3.856,-3.556,0.125,3326.68,0
63930,1.457,4.571,0.702,3.51,2.804,2.211,3.179,-0.057,1.184,3.641,4334.96,0
38766,2.533,2.316,-3.798,2.317,2.46,-1.074,1.716,2.346,3.623,2.336,2769.63,0
40300,1.238,1.066,0.737,-1.741,1.462,-3.547,-0.654,2.997,-1.832,-3.446,3753.43,0
53109,3.5,1.867,4.249,0.16,-3.734,0.291,1.337,1.743,1.307,3.045,3627.68,0
152207,-0.835,-0.729,2.812,-2.284,-3.167,3.91,0.098,2.31,0.737,3.05,4841.02,0
26210,4.754,0.023,2.386,-4.439,-0.214,1.347,4.519,-1.432,4.801,-3.289,536.07,0
75000,1.721,4.601,-1.63,-2.605,3.033,-4.497,4.196,-2.697,-1.109,4.778,3896.04,0
61189,4.353,-1.756,2.148,-0.819,-0.734,-4.858,-4.723,-4.695,-2.338,3.03,609.85,0
11688,2.793,3.461,2.011,-0.452,-0.574,0.628,-2.916,-1.434,3.525,0.595,205.52,0
93396,4.649,2.749,3.38,-3.967,4.131,-0.875,2.86,-4.344,-3.879,-1.229,1547.47,0
1146,4.941,-1.703,0.944,-1.312,1.238,-0.323,4.366,-2.932,-2.588,-4.118,1828.33,0
16296,-0.066,1.507,4.434,3.687,1.519,-2.944,-1.835,-3.308,-1.901,2.373,2375.62,0
108107,-3.243,-1.272,-0.768,2.491,4.536,-2.092,0.248,-3.338,0.18,4.814,4319.77,0
170111,-3.825,1.792,1.308,4.903,-3.748,-2.878,1.511,-3.846,-0.308,-1.31,1489.11,0
120265,-2.128,-2.949,3.493,4.966,-1.988,2.564,-4.057,2.556,-0.77,-2.719,3277.4,0
140328,-1.218,4.225,-4.384,-2.947,-1.717,-1.683,3.439,2.307,3.81,4.562,4765.4,0
19026,-1.99,0.005,1.401,2.717,4.745,-1.148,3.282,-2.982,4.392,2.88,1296.79,1
149971,4.936,2.842,1.277,0.324,-4.8,-2.162,1.035,-0.58,1.819,3.238,3542.7,0
112731,2.406,-0.608,-2.331,4.733,-4.776,-1.102,2.86,1.843,-4.634,1.4,3949.27,0
169604,-1.478,-0.882,-0.413,-4.192,4.648,4.733,3.554,-2.187,-1.858,2.843,2502.29,0
9542,-0.723,4.181,4.086,-1.751,0.661,1.629,-0.862,-3.272,-2.605,-2.571,3243.28,0
96814,-4.946,-3.693,-0.015,4.544,0.834,3.452,-2.516,3.498,3.286,0.534,1196.64,0
77714,,-3.49,-3.379,-2.928,-1.42,1.334,-0.226,-0.869,-3.391,3.885,2539.32,0
169186,-3.475,-4.801,2.064,-0.334,-1.359,-4.896,3.217,3.387,-0.68,-3.009,4320.15,0
116101,4.799,2.067,3.844,0.977,2.022,1.053,-3.785,-0.647,-3.676,-4.229,4508.7,0
38034,0.051,-1.499,4.386,-4.491,-4.91,-3.608,-3.913,4.317,-0.266,-4.741,4954,0
13000,-2.834,2.274,2.04,-1.529,3.995,1.893,-3.714,-0.066,0.452,-4.42,681.12,0
71977,3.23,-1.918,1.859,-0.044,-0.663,4.658,0.435,0.901,1.621,-4.178,3644.01,0
46257,3.367,-3.152,-1.278,-1.592,0.274,-0.063,-3.419,-2.63,1.381,3.699,4105.07,0
41323,,4.727,-3.337,0.731,-2.96,-2.839,2.889,2.523,4.727,-1.75,3435.87,0
1670,2.199,-4.357,1.631,3.616,1.03,-3.904,3.529,-4.267,1.139,3.175,3852.96,0
7015,3.019,-2.113,-4.477,-3.774,-3.742,-4.125,-2.106,0.196,-3.613,-4.351,2688.4,0
95313,-3.512,-4.167,2.552,4.541,1.826,-2.818,-2.093,4.183,-3.437,-4.064,3440.99,0
93315,-0.822,-2.752,3.209,-0.847,0.798,-1.444,-0.36,4.166,-3.831,-4.97,2257.76,0
97642,-2.04,2.144,-1.241,3.963,-2.015,-3.72,0.555,-0.873,3.488,2.528,3729.25,0
73654,1.291,1.907,1.414,-3.408,1.181,-4.532,0.228,1.598,-1.787,-2.512,212.74,0
69039,2.346,1.439,3.692,-1.123,-0.496,0.017,-1.407,-2.828,2.715,4.086,3461.05,0
32262,1.11,1.827,3.897,-1.42,-1.518,-3.333,-0.396,-4.058,2.193,-1.718,4739.41,0
120461,0.216,-3.285,1.654,-0.404,-4.796,4.362,-2.272,0.179,3.315,-0.296,558.75,0
71847,,3.154,2.279,4.079,-4.15,0.589,0.412,4.377,-0.282,4.699,1290.89,0
73757,-1.556,-3.457,-2.877,-0.595,-4.657,4.045,-1.804,0.913,-0.214,-0.444,1298.83,0
167700,2.055,-4.589,-1.154,2.656,0.183,-3.802,-4.934,-3.154,-0.074,-2.123,3419.75,0
62495,0.746,0.853,-1.942,-4.813,2.994,4.501,1.441,1.528,1.126,-4.713,949.46,0
115129,-2.803,3.862,1.265,2.431,3.644,0.526,3.129,0.761,0.973,-1.145,960.69,0
100173,-2.937,-4.75,1.419,1.163,3.452,1.256,2.01,-1.755,0.08,-2.94,3351.45,0
36369,1.173,-0.401,-2.467,-2.131,4.906,3.308,-2.035,1.9,0.602,2.717,1642.61,0
145834,-0.089,-3.203,2.573,4.636,0.873,-0.716,3.65,3.11,4.029,3.409,4883.38,0
137830,-3.809,2.911,1.671,2.384,-1.08,1.298,2.65,2.481,4.786,-0.411,661.05,0
138074,-0.069,-1.611,-0.61,-2.372,-2.371,1.135,-0.264,2.724,-0.037,3.35,162.5,0
97591,3.894,3.861,-2.369,1.836,-4.982,-1.965,-2.19,0.713,-3.083,-4.527,2890.76,0
105320,3.788,3.07,-3.864,0.161,4.356,3.655,-0.493,-1.761,3.457,1.474,2111.61,0
17975,,0.583,3.956,-0.723,-0.461,3.893,1.523,4.684,-3.262,-1.944,841.53,0
163954,-2.711,4.035,1.12,-3.632,-3.087,-4.344,3.701,1.533,-4.867,4.303,4386.28,0
901,-3.386,1.138,-2.649,-0.366,4.173,-1.055,2.27,-2.673,-4.231,1.529,765.5,0
155246,4.848,0.461,3.871,4.355,-0.361,-1.323,2.492,3.934,4.257,1.558,250.15,0
7450,-4.479,-1.562,-1.239,-3.363,2.18,2.705,3.28,-0.432,0.095,3.231,4242.25,0
136128,-1.867,-1.968,2.253,0.404,-4.133,-0.892,-4.048,4.871,3.796,-0.857,4877.65,1
67621,-3.873,4.16,-1.107,4.264,4.426,0.927,1.823,-3.627,-1.101,-2.944,4576.94,0
57247,2.579,3.088,-3.937,1.357,2.124,3.159,-1.388,-3.267,0.983,-4.357,26.95,0
82351,0.325,3.088,-1.18,3.682,0.483,-0.419,3.009,0.296,3.749,-1.03,3323.84,0
37633,-4.9,-4.249,-1.25,4.782,-4.798,0.11,-0.85,-2.35,4.144,1.494,3919.36,0
109914,-1.797,4.027,-3.418,1.688,-1.387,4.366,-1.125,-1.602,1.234,4.956,2943.61,0
109115,0.687,-4.565,0.095,2.322,4.194,-1.048,4.646,-0.589,1.465,-2.288,1513.57,0
86053,0.602,-1.423,0.492,2.161,-3.554,-3.617,-2.161,-2.536,0.799,-3.54,1970.2,0
147622,4.331,2.919,-0.12,2.274,2.005,-2.834,-4.798,-1.549,-4.831,0.602,492.88,0
1392,-2.417,3.479,-4.818,-2.907,-2.923,4.934,-3.658,4.952,-0.362,-4.237,1426.37,0
115976,2.876,3.1,-0.966,3.031,-0.027,1.382,-1.181,0.548,2.508,-0.433,403.35,0
110765,-4.116,-0.216,2.787,2.319,-2.112,-3.867,2.199,-3.114,-2.99,0.569,2986.32,0
13636,-1.843,-2.609,4.811,4.314,3.822,3.724,-3.82,3.061,-4.041,-3.921,3548.14,0
135869,4.785,-4.146,-1.641,1.536,-4.305,-3.865,2.459,-1.336,2.842,2.797,3477.88,0
115509,3.755,error,-1.02,0.188,-4.013,2.149,0.726,-4.24,2.044,-0.727,2220.31,0
104148,-1.97,-3.124,-0.427,-1.353,0.15,-4.434,-0.311,-1.39,-4.329,-1.163,1264.99,0
3623,-3.403,2.785,2.958,0.523,-2.596,2.939,3.599,1.559,-4.033,2.24,2585.32,0
23521,-2.16,-0.555,3.316,-4.887,0.307,-2.657,-3.037,-2.677,1.79,1.357,4802.29,0
40269,-0.008,-1.429,0.93,-4.136,2.178,0.363,4.726,-1.843,-0.521,-3.582,4240.02,0
124462,-4.747,-2.379,3.267,-4.644,3.107,-1.533,1.986,0.963,-1.817,4.166,4977.44,0
6605,-1.522,-1.638,-2.852,-1.831,4.715,2.579,2.165,2.043,3.754,-2.198,3717.16,0
138882,-3.169,4.789,0.464,2.918,-1.218,-2.26,-2.24,1.865,2.133,1.991,1455.07,0
7401,-1.822,1.773,1.941,1.109,0.897,1.149,-3.719,-1.894,-4.466,-3.056,3294.58,0
2233,4.984,-2.59,-4.606,-4.011,-3.27,-1.972,1.895,0.109,4.862,3.446,?,0
61848,-1.36,-2.185,-3.903,-1.166,-3.204,4.133,-2.1,1.523,2.055,3.928,1712.36,0
130814,-1.766,-0.895,0.241,0.572,2.279,-2.218,-4.245,1.416,4.788,4.816,1526.05,0
40881,2.315,2.583,0.524,1.387,4.982,2.845,-3.35,0.932,3.265,2.38,804.54,0
15355,-4.176,-4.783,0.322,-4.289,3.191,0.019,-3.277,2.443,-4.769,0.734,4533.57,0
30234,-0.393,4.764,2.512,-2.312,1.714,0.296,-2.578,2.379,-1.318,-3.286,3824.71,0
46260,1.04,2.634,1.002,1.868,2.992,0.022,1.494,1.147,0.417,-1.343,1669.74,0
91064,-0.849,-3.19,0.79,-0.737,4.75,-1.403,-0.686,3.073,-3.321,2.914,3977.61,0
12599,0.638,-4.626,1.481,2.429,-0.103,-2.042,-1.562,2.184,2.048,2.151,429.87,0
42876,2.453,-3.941,-0.967,2.175,-0.954,3.51,-3.822,1.219,-2.126,3.28,980.97,0
29137,2.767,3.78,-2.183,-3.647,-1.158,-3.115,1.134,3.854,4.288,3.185,4772.31,0
88315,-4.512,4.588,1.086,-4.867,2.578,2.433,2.043,-0.862,3.74,0.683,2749.41,0
82906,4.923,3.536,0.118,0.343,2.525,-1.173,-3.345,3.8,-0.263,0.745,1791.59,0
49302,-4.75,-1.455,3.139,-2.691,0.651,2.735,1.587,-3.219,-2.589,-2.883,3440.5,0
11457,2.722,-3.061,-3.376,3.568,0.808,0.817,-2.478,2.702,4.816,0.716,864.51,0
65712,-4.241,-4.895,-2.565,1.401,1.058,4.293,1.726,0.546,-3.659,2.272,4211.29,0
24424,0.637,-0.35,4.507,-0.544,-3.509,4.407,4.825,3.964,-4.336,0.052,3633.2,0
150213,4.943,0.656,-0.236,-4.526,-2.474,1.31,-1.419,2.215,-1.755,3.474,3792.42,0
70111,3.492,3.894,-1.049,-3.271,4.089,-1.733,-0.442,4.031,-0.292,-3.288,666.4,0
39069,3.717,1.015,-4.074,-0.817,-0.001,2.876,0.757,2.4,-2.671,-2.273,4099.72,0
59168,1.2,2.786,1.484,1.07,-3.343,4.224,-2.688,3.476,1.872,-4.765,2828.67,0
86715,3.911,2.819,-1.762,-4.108,0.386,3.835,2.654,3.898,-0.702,0.315,4368.91,0
52949,0.723,-3.98,-2.258,-2.232,0.416,-2.582,-2.226,-0.157,-2.107,-4.482,178.19,0
77285,2.502,-4.755,-1.446,-1.992,3.825,-0.481,1.327,-3.512,-0.125,4.504,4017.43,0
123295,4.119,2.506,-3.128,4.192,-4.046,-1.422,-3.97,4.088,-0.672,1.993,538.53,0
120715,-0.781,-3.41,2.894,-0.158,3.577,-2.634,4.248,-3.05,-0.868,-4.073,3984.86,0
128930,-3.84,-3.996,2.089,-4.118,4.631,-3.628,-3.295,1.175,0.556,3.321,577.77,0
109454,-1.638,2.012,-2.353,4.374,3.247,3.778,4.008,0.03,2.343,1.481,462.04,0
15043,2.805,4.798,-0.409,4.548,-0.281,3.335,4.952,-0.381,0.835,-1.709,4553.21,0
20484,-4.708,4.588,-3.091,2.236,-0.391,-3.12,-0.415,-1.816,0.189,-3.075,706.93,0
114231,0.543,error,2.398,3.165,-3.038,1.666,-0.641,-3.544,1.024,4.125,2894.13,0
34658,0.541,-1.602,-2.797,3.263,2.482,-0.04,4.766,4.173,2.15,-3.657,886.92,0
125126,1.374,0.75,-2.031,4.735,-3.78,-3.793,0.877,4.823,3.449,3.143,4287.45,0
139719,2.587,-4.586,-3.012,4.515,3.691,4.824,-1.32,-2.245,-2.388,-4.454,3928.94,0
107451,2.661,1.349,-4.487,2.092,4.718,3.945,3.295,-0.405,4.696,-2.216,870.43,0
47638,2.373,0.254,-0.292,-3.28,3.468,-2.523,-4.867,-2.984,1.732,-3.022,4726.58,0
43947,3.644,-3.042,3.319,-0.4,-0.342,-3.121,2.82,-4.78,1.479,3.686,1001.36,0
58838,-0.862,-3.307,2.103,-3.898,4.609,-3.85,1.22,4.605,4.503,-3.293,1626.21,0
54835,3.94,-0.722,2.687,-2.234,2.212,4.2,-3.011,-2.215,1.629,2.66,2992.54,0
144055,-1.167,2.335,-0.236,-2.525,0.317,-1.989,2.981,1.674,-1.131,2.501,4892.81,0
75245,-2.258,-4.664,0.235,-0.312,4.717,4.942,2.516,-1.596,2.532,-0.598,4321.22,1
55543,-1.479,-1.871,-3.977,-1.774,-4.625,4.644,-3.203,2.595,-1.426,1.813,1395.91,0
145697,-3.526,-3.482,-4.455,1.888,-0.291,4.974,-0.196,4.235,0.22,0.214,1060.65,0
34247,3.111,-2.232,4.879,1.656,1.45,-3.438,3.827,4.281,-4.037,-1.558,3862.33,0
90902,3.667,-1.395,-2.832,0.397,3.51,4.2,-2.574,-4.962,1.349,4.102,222.97,0
31618,-4.572,-4.999,3.282,0.14,-0.226,2.864,0.299,3.955,-0.808,-2.409,100.41,0
47898,4.65,4.401,2.467,4.015,0.603,-1.685,-0.623,-4.584,-4.252,3.932,1906.73,0
91627,-4.884,-1.101,-2.373,-2.461,-0.992,-3.976,-3.859,-3.488,3,4.621,2263.3,0
125369,4.913,-1.336,3.228,3.211,-4.147,2.133,0.748,-1.211,-2.597,1.594,4459.34,0
151447,-0.172,3.279,4.896,-4.258,4.781,2.848,-2.96,-3.143,2.067,3.297,2371.1,0
125345,0.381,-1.427,2.107,0.92,-1.776,-4.256,0.875,-4.109,3.496,-4.743,1918.87,0
161786,-1.743,-1.852,0.971,1.641,4.882,3.327,4.273,-2.307,-2.626,0.291,2859.43,0
28008,1.22,-3.175,-2.971,-4.859,-1.141,-3.599,-4.209,-0.215,1.824,2.318,4434.73,0
28669,-2.37,3.889,-1.953,2.778,-0.588,3.272,4.395,-0.355,-1.465,-1.568,2734.05,0
32269,0.702,2.075,4.288,1.11,1.627,-2.993,1.43,0.437,4.562,4.635,1016.05,0
171410,-4.199,-0.615,2.01,-2.789,-2.831,-4.117,-1.541,-4.538,0.509,-1.053,3352.67,0
1561,-4.878,-1.783,-2.344,1.732,-2.966,-1.353,0.402,-2.372,-3.115,-4.249,4471.02,0
122098,-3.915,3.625,-0.28,4.192,1.875,1.26,3.866,0.998,-1.655,-1.897,3656.2,0
107324,-2.186,4.631,4.295,3.313,1.542,4.515,-2.114,3.74,0.457,-3.992,4642.31,0
45982,-0.806,3.636,-1.026,2.762,0.448,-3.398,-1.393,-4.447,-0.903,2.994,4529.65,0
30480,4.519,0.366,2.682,-3.365,-4.053,4.095,-1.785,-3.088,-4.074,-1.481,3597.07,0
116897,-0.159,3.259,-2.325,1.978,4.703,-1.233,-3.158,-2.915,1.501,-2.428,1152.92,0
32442,4.206,-0.046,-1.73,0.039,-3.364,2.22,-1.145,3.214,1.129,3.047,4769.14,0
40968,-4.648,4.715,1.976,-0.636,3.963,3.794,2.916,1.971,-0.623,-4.782,783.84,0
130416,3.96,-0.558,-1.742,1.193,1.628,-1.206,-0.597,-3.922,1.099,1.067,3620.75,0
123783,-2.514,-2.456,1.961,-4.945,-3.934,-1.192,-0.575,2.414,3.516,-1.127,3118.35,0
82830,-0.185,-4.076,4.141,1.268,0.05,3.99,-4.995,4.649,-1.725,1.572,943.83,0
32113,1.932,3.941,-0.003,-2.253,-3.834,-1.016,1.298,-1.074,-2.769,-4.224,2723.71,0
130108,3.662,3.425,-2.99,-4.273,-0.615,-2.767,4.472,2.39,0.854,0.035,4250.09,0
89733,1.791,-1.198,2.506,2.152,0.177,-0.357,-0.969,-3.744,-1.082,-0.002,80.46,0
136976,0.744,1.644,1.189,-4.391,-1.643,-0.575,0.926,-4.775,-0.512,-1.986,1031.02,0
125494,-2.626,2.55,-1.67,1.574,-1.609,2.281,1.515,4.895,4.779,-4.874,1508.32,0
8280,0.641,-1.593,3.625,3.921,0.906,-3.118,-0.408,0.271,-4.808,-3.009,180.99,0
54283,-2.596,-3.073,-3.477,-2.142,2.989,-4.735,-0.285,3.843,3.866,0.493,4582.91,0
20273,0.229,3.882,-1.992,2.389,3.624,2.209,-0.606,-1.516,1.333,0.429,1143.28,0
108780,2.127,4.054,-0.956,4.741,-1.951,2.011,1.175,-0.335,0.653,-0.961,3067.14,0
68602,-2.193,-0.329,2.432,1.93,-1.297,3.785,4.921,-3.337,4.063,0.97,1294,0
134703,-2.52,2.11,0.126,4.765,3.272,-0.602,-2.107,1.149,-1.588,0.445,2331.14,0
16897,4.052,-4.395,-1.255,-1.972,-4.891,1.77,-4.346,1.563,1.234,1.357,3381.19,0
24819,0.523,3.02,4.837,0.909,4.529,3.161,-3.422,0.6,-3.617,-2.404,294.91,0
42880,-1.575,0.874,-3.596,-4.824,0.985,-4.152,-3.52,2.87,1.303,-2.063,619.14,0
45919,-3.14,-4.449,-2.628,1.123,-0.411,0.464,-0.746,-3.202,-1.284,-4.158,?,0
31232,,-4.686,4.303,1.569,-2.583,2.281,3.627,-4.243,-3.461,-3.38,2212.16,0
163501,-3.108,4.841,1.938,3.748,1.411,4.601,-0.223,2.449,-2.048,3.016,3152.24,0
115910,1.109,0.124,-3.798,-2.706,-0.185,-2.225,-4.287,1.451,2.057,1.682,1223.57,0
23660,,4.18,-0.386,3.921,-3.495,-4.75,0.354,-4.474,-0.195,1.452,3899.78,0
24969,0.706,3.799,0.535,-1.607,0.678,2.316,-2.822,3.664,1.065,4.273,2984.58,0
57900,1.462,2.022,1.307,-3.028,-3.974,3.116,-4.129,1.712,-4.363,-2.878,3397.97,0
61367,-0.441,4.392,4.624,3.452,-2.164,-1.954,-1.25,-3.214,4.85,-0.96,2815.61,0
7463,-3.164,3.027,0.625,-4.319,1.62,-0.078,-4.613,2.706,2.451,-0.25,3822.94,0
56754,1.432,-0.923,2.937,3.608,-1.804,-1.236,-2.744,3.502,-0.412,-0.327,718.24,0
133375,-0.056,-3.56,4.038,4.82,-0.437,4.258,-2.822,-2.282,-4.056,1.388,2060.32,0
103775,4.752,-2.294,2.223,2.137,-3.252,4.052,3.936,-1.29,0.274,2.211,3896.88,0
53637,-2.626,-4.016,3.301,-0.302,1.787,-4.53,-3.884,0.4,0.259,0.718,2185.56,0
28244,-2.669,0.446,-0.19,-4.054,3.75,-4.565,-3.99,2.518,3.11,1.552,317.46,0
68095,-1.048,error,3.011,3.607,-2.79,3.448,-4.494,2.363,1.3,2.64,3920.21,0
125600,4.212,-4.498,-0.416,-4.961,-2.968,3.923,0.158,-4.466,2.108,1.403,1817.34,0
148825,-3.167,-3.663,-1.097,-0.713,-1.193,0.226,3.593,-4.045,2.562,-0.244,1148.68,0
120228,4.708,-1.29,2.096,2.902,-2.641,4.615,0.427,-1.894,1.108,-1.588,3074.29,0
5002,3.51,-3.064,-2.114,-0.818,-2.606,0.376,-2.09,-2.437,-3.911,2.764,1308.38,0
122225,1.702,4.744,4.459,0.141,-4.237,-1.576,-3.578,-0.767,4.686,0.147,767.76,0
85857,,-3.346,4.067,2.375,-2.86,-0.32,2.994,2.712,1.619,-3.419,1146.34,0
132670,-3.307,2.772,1.677,4.04,-0.401,-1.674,1.722,2.962,4.581,-1.171,1105.04,0
150456,,0.622,0.26,-0.673,4.104,-3.221,-0.265,-1.092,-2.28,4.096,1947.54,0
112730,2.128,4.612,-0.946,-1.226,-4.007,3.589,-1.421,3.9,-0.641,0.42,3654.42,0
4101,1.535,3.126,1.211,0.176,-3.778,-4.669,-1.378,2.71,-0.343,1.676,3842.55,0
72282,3.112,4.228,-0.802,1.211,-4.924,0.238,-4.581,-0.363,3.312,-4.825,4163.49,0
11628,-1.438,-1.391,-4.064,0.075,-3.451,0.208,0.3,-1.619,-1.333,-2.018,234.78,0
20747,0.111,1.368,-1.639,-4.817,0.371,4.426,-0.822,3.912,-3.745,-3.378,3997,0
155823,3.113,-2.387,0.516,-1.536,-1.632,-1.609,4.766,3.607,2.865,2.855,1263.94,0
155172,-3.727,1.389,2.716,-4.047,3.349,0.973,1.717,4.887,-4.338,1.871,2415.33,0
40680,2.828,-2.297,3.696,-4.972,0.497,3.776,3.17,-2.89,-1.769,-1.192,1416.22,0
98727,2.292,1.306,-2.633,-3.588,-2.384,-4.934,1.98,-2.7,4.856,-3.288,4374.3,0
34677,-3.298,3.218,-4.567,-4.006,3.338,3.249,-4.891,-3.59,-3.199,-1.099,4065.15,0
115180,3.958,-0.456,-4.343,-1.092,-1.599,4.579,1.735,-4.792,3.984,4.256,2804.81,0
163864,0.001,-2.605,-2.279,2.655,-1.104,1.585,3.909,-1.647,-1.513,2.539,407.14,0
108782,-0.79,3.066,0.347,2.133,-3.486,-1.952,0.641,-0.554,3.866,-4.211,3298.8,0
53945,0.571,-2.023,-2.237,0.906,4.77,-3.009,-4.217,1.665,4.554,4.108,4135.1,0
48843,-4.026,4.73,-3.903,-4.847,4.897,-1.651,-2.553,-2.342,2.123,-2.624,1954.82,0
166907,0.111,4.694,-0.752,-4.456,-1.27,3.532,-2.223,-3.815,-3.822,-2.474,4684.02,0
10808,-2.752,-4.458,-0.26,-4.907,-4.666,-2.53,2.875,3.497,1.574,-1.394,783.74,0
78661,-3,-2.69,0.952,-0.191,1.121,-4.883,-3.907,-3.176,-4.378,3.522,776.38,0
107353,0.509,-1.768,-0.584,-3.338,4.722,0.208,1.346,-1.492,3.589,1.345,1279.85,0
39037,-0.4,0.821,-0.242,-4.465,1.387,3.655,1.018,-2.185,1.233,2.529,3039.01,0
83195,-3.861,-1.238,-4.156,2.873,4.487,-3.417,-3.014,0.371,1.535,-3.771,4227.13,0
38257,0.288,-3.751,4.63,2.089,-1.117,-1.822,-2.899,1.11,-2.159,0.107,2936.45,0
83702,-4.07,3.132,-4.409,0.855,-3.174,-4.741,-3.162,-4.779,-3.351,-3.675,3713.14,0
66290,2.052,-0.256,-1.652,-3.748,-3.618,1.992,1.948,-2.219,-4.673,-2.052,4071.73,0
32942,-3.348,0.825,-1.507,4.419,-2.89,3.411,3.32,-1.328,-0.391,2.25,4035.34,0
9469,3.82,-4.844,2.737,2.377,4.739,-3.763,4.073,-1.563,-0.397,2.709,3079.3,0
47176,,-2.441,3.717,-2.583,4.392,1.584,2.215,0.933,3.696,-1.87,4847.72,1
98901,4.655,-0.698,2.104,1.119,-1.854,-4.121,2.991,-1.583,-2.452,-4.173,751.15,0
121981,-4.052,-1.355,4.723,3.752,1.331,-2.954,-0.869,-4.985,-1.434,3.962,2348.36,0
124191,3.908,4.349,2.924,2.265,-2.926,-2.514,3.152,-0.912,-3.492,-0.384,864.64,0
79486,-0.598,0.442,2.674,4.393,-4.902,4.064,-3.842,1.516,1.837,1.643,2963.96,0
145943,0.128,-0.693,0.388,-4.569,-2.773,2.342,-4.205,-3.882,3.666,4.01,72.48,0
148356,3.409,-2.045,-0.854,-4.74,-0.86,0.938,-0.459,-2.994,-4.334,4.228,3870.63,0
148438,,0.467,1.57,4.774,-2.76,0.667,-3.811,3.059,2.883,-0.683,2270.24,0
115062,0.676,-1.965,4.772,-2.548,3.104,1.777,1.306,-2.392,1.29,-1.294,2411,0
2333,,-1.367,-4.037,-1.834,-3.048,2.012,0.366,-2.845,-1.654,-4.273,976.24,0
166581,-4.546,-4.034,0.862,-4.81,-2.995,3.176,3.686,-0.6,3.399,-3.729,2176.14,0
115649,2.961,1.683,-0.936,1.048,-1.278,2.529,-4.456,-0.707,2.824,4.02,852.96,0
136327,2.432,-4.908,-4.806,3.14,-0.147,-0.286,-2.29,4.719,3.547,-4.15,3942.95,0
92897,,4.514,2.116,-1.843,0.799,-2.273,0.569,-2.606,-1.219,4.156,3700.18,0
18328,-1.61,-4.758,-3.235,-2.601,2.176,-0.962,-1.939,-2.107,1.191,0.845,3648.35,1
104264,4.742,-3.583,3.075,0.737,4.72,-1.136,2.221,0.506,-1.398,-1.992,2243.33,0
130319,-1.912,-0.109,2.147,0.164,-4.68,-4.204,0.671,0.217,1.935,2.869,4014.97,0
87571,3.984,-0.742,0.478,-2.848,-1.017,-1.073,1.4,-4.814,2.667,1.902,4395.9,0
19752,-2.232,1.958,4.986,-2.606,-4.322,0.094,-0.441,0.589,0.231,-2.736,4925.43,0
100614,-4.568,1.637,-1.719,-0.741,-3.668,4.558,-2.022,-1.428,-4.697,-0.439,975.75,0
167168,-4.663,-1.151,2.246,-1.995,4.727,-4.791,0.99,4.432,-1.003,-1.277,2007.96,0
8460,-2.086,1.876,-1.234,-4.173,-4.718,4.43,-2.328,-0.853,-0.137,0.034,1364.45,0
114112,-1.53,-2.609,-1.571,-1.668,4.659,-2.917,1.737,-3.306,0.428,-2.614,4863.78,0
148963,-1.914,1.218,-2.548,-1.54,-2.092,-2.687,4.816,-4.06,-2.187,2.846,712.75,0
100948,3.973,3.387,2.541,0.331,4.358,1.51,0.87,-2.661,-4.847,-3.668,1848.46,0
139916,3.153,4.8,1.918,-1.614,2.773,4.568,-2.262,3.545,2.412,1.981,178.08,0
129947,3.318,0.687,-3.94,-0.242,-4.333,-1.308,-0.445,-4.494,3.369,4.871,4629.79,0
150986,1.904,2.742,3.637,2.246,1.235,-3.505,-3.317,4.532,1.339,1.692,1425.86,0
66229,0.704,-1.524,1.593,4.086,3.672,-3.511,1.435,4.571,-1.681,-4.868,1568.57,0
133288,-1.427,-4.597,0.381,-3.864,-2.562,-2.505,2.499,-4.121,0.48,4.462,3260.17,0
129168,2.456,1.411,-5,3.4,0.56,-1.576,-1.792,-3.11,0.587,3.049,3491.16,0
118323,-4.522,-0.677,2.416,-1.856,4.596,4.588,1.793,-1.458,3.952,2.253,1273.95,0
104719,-0.713,-1.402,-2.176,-4.607,-3.623,-4.346,-2.217,1.58,2.725,-3.526,2019.6,0
22726,3.087,2.184,0.915,-4.862,1.363,4.327,1.125,-0.314,-3.296,0.799,690.74,0
31169,1.806,1.307,-0.05,-4.088,3.484,0.922,4.404,-3.849,4.082,4.686,1581.19,0
172607,-3.92,-1.906,1.176,2.887,-2.895,3.164,-0.903,-3.067,-0.366,1.842,4771.94,0
93269,-1.114,2.552,3.937,3.533,-0.47,0.168,2.344,3.576,-2.926,0.681,1971.77,0
136191,0.465,1.09,3.951,-3.665,-3.478,3.596,-3.59,-4.768,-1.108,1.359,3518.14,0
107022,2.797,3.18,4.018,4.866,-3.202,3.264,-1.062,-2.033,3.855,2.565,1437.55,0
4428,2.524,-2.356,0.081,-0.662,-0.556,3.885,0.299,4.688,-0.347,3.655,1106.26,0
79682,4.932,2.025,1.477,-4.178,-0.032,-0.81,4.361,3.893,-3.022,3.259,3513.89,1
55206,-4.24,2.104,4.36,3.225,4.742,1.395,0.84,0.584,2.919,-1.517,702.39,0
44863,0.427,4.035,3.063,-2.082,-1.07,-0.174,3.195,0.432,-1.576,1.247,4073.16,0
120381,2.141,2.185,3.023,0.42,3.735,-4.924,-0.574,-4.875,0.137,-0.739,2703.68,0
112606,4.35,-4.435,-2.655,4.531,2.397,2.915,4.216,-1.893,-4.228,3.693,3573.12,0
68142,2.489,-3.369,-3.633,0.713,-1.017,1.528,-0.007,-2.99,4.969,0.141,3983.55,0
115543,1.165,2.078,-2.686,4.15,3.266,-1.06,3.298,4.333,3.527,2.2,1062.09,0
100105,4.809,-3.8,0.808,-4.845,1.594,2.915,0.977,-0.987,3.926,-0.813,4883.45,0
63170,-3.217,0.404,-1.701,-2.091,1.531,4.571,-2.932,-1.553,2.246,1.282,2607.15,0
43270,,2.046,-3.645,-1.312,-4.095,-0.063,3.838,4.532,0.512,0.407,3855.57,0
150485,-3.85,-1.864,0.68,-4.733,-4.241,-0.57,-4.373,3.812,4.344,-4.77,242.05,0
57738,0.482,-0.512,1.271,-4.605,-2.086,1.114,2.613,-4.92,2.721,4.456,969.78,0
143317,-1.865,-1.663,-0.465,4.716,1.28,-2.573,-2.07,2.578,1.296,2.742,4134.83,0
5742,4.216,-1.796,-1.035,-2.472,-4.956,-0.645,-3.471,-3.09,-1.255,-1.596,1610.44,0
18599,,-4.96,0.256,-2.124,1.462,-0.507,0.381,-0.552,-1.658,3.818,2685.07,0
131084,-0.578,-3.162,4.794,0.932,0.707,1.741,-2.771,0.16,-3.455,1.768,162.96,0
11540,3.711,4.789,4.008,2.894,-3.437,-1.929,-1.218,2.119,0.784,4.26,1221.13,0
5953,0.415,0.199,0.672,-1.289,4.593,3.613,1.605,-4.546,-2.761,-0.769,2915.03,0
91860,-4.854,0.888,-3.832,-3.995,-2.945,2.348,-3.426,0.156,3.09,-0.974,1289.48,0
128760,2.116,-3.598,-0.83,-0.143,1.953,0.265,-0.937,3.556,2.813,0.527,3763.19,0
55014,-3.41,-2.903,3.212,1.41,2.667,2.722,2.315,-0.031,-4.467,-4.428,4683.58,0
45788,-3.292,3.117,-2.576,-2.039,3.597,0.936,-2.193,2.599,-1.427,4.082,4824.2,0
120154,-2.308,-1.251,4.979,-2.283,0.272,2.976,2.264,2.506,-4.283,-3.028,647.29,0
128311,2.072,-2.235,-4.777,-4.92,-3.353,0.724,0.757,0.306,0.934,-2.366,3022.62,0
37728,1.767,-1.43,-1.055,3.331,0.783,3.21,-1.438,-2.227,-2.991,1.743,3914.32,0
79858,1.947,-1.593,1.434,-2.251,-3.435,4.69,0.858,-3.725,-3.137,-2.832,1811.05,0
172625,-2.181,-2.288,-4.84,0.722,-0.77,2.561,-1.51,4.78,-4.077,-0.768,2882.77,0
76837,4.399,-3.917,2.849,-2.516,-3.26,3.522,-4.481,1.304,3.69,-1.951,3150.74,0
142413,-3.899,0.766,1.478,4.275,-4.193,0.777,-4.565,4.188,-0.772,1.238,3793.49,0
112309,0.83,4.652,0.057,1.1,1.521,-0.251,3.294,-3.841,-3.13,0.282,1150.72,0
145323,-4.329,2.647,-1.859,-4.821,2.014,0.223,2.366,1.301,-0.888,-4.32,2761.3,0
63035,-1.425,1.245,2.145,-2.391,-4.625,1.539,4.578,-4.242,-2.899,-0.986,3955.62,1
6119,4.884,-3.569,1.657,-3.538,-4.56,3.903,-0.594,1.304,-3.395,-3.707,1546.93,0
24084,0.6,1.976,4.014,4.865,-4.993,1.446,-2.157,3.436,-0.983,-0.557,311.71,0
102663,,error,-1.92,-2.804,3.749,0.416,-4.532,4.857,0.453,-3.244,4058.66,0
135955,4.361,0.529,3.212,-4.402,-1.333,-4.662,-2.864,-4.423,3.808,4.214,4486.43,0
145395,0.217,0.265,-2.144,1.392,-4.141,-3.443,3.102,-4.964,1.475,-0.055,69.73,0
127416,2.377,-3.941,3.622,-1.686,-3.588,1.484,0.815,1.224,1.745,2.556,400.55,0
129819,-2.95,3.747,2.263,4.247,-2.484,-1.594,1.011,-3.314,0.045,3.575,2042.26,0
62000,1.438,2.988,2.753,1.54,-4.819,3.166,1.348,3.769,3.204,0.031,361.14,0
118129,-4.362,-0.716,-2.903,4.241,4.504,-1.59,-4.546,3.888,2.573,-0.653,152.85,0
101599,-4.932,-4.045,3.615,-4.326,-2.229,-3.21,0.068,-4.247,-1.754,1.417,4985.74,0
68018,-3.699,4.596,2.508,1.606,2.126,3.739,0.308,-4.789,0.154,-3.429,4456.9,0
54801,-4.99,-4.024,3.999,-2.056,-0.872,-2.328,-4.613,-2.138,-4.911,4.2,1945.42,0
23340,1.511,1.395,-4.631,-4.287,0.209,2.435,-4.564,4.036,4.453,4.582,2001.08,0
116632,2.135,-1.684,0.84,-0.759,2.271,1.479,0.426,-3.371,1.364,-1.383,881.22,0
79353,-0.533,-3.872,4.412,4.657,-2.374,-4.629,3.74,0.496,-1.603,2.154,?,0
104407,3.9,3.574,1.14,-1.016,3.743,-3.459,-0.95,0.343,-3.306,-3.109,3176.75,0
50746,0.829,-1.45,-1.201,-3.012,4.298,1.49,-0.889,-0.508,-0.478,4.31,2337.68,0
39878,1.8,-0.486,-0.398,0.832,-3.57,2.89,4.821,2.601,-3.74,-0.125,2214.48,0
153577,-3.413,0.577,1.595,-4.217,-0.462,-3.726,-0.194,3.339,1.83,-4.373,3027.13,0
61152,-3.142,-1.61,0.557,3.223,-0.238,-2.088,2.553,4.141,-1.713,0.749,4228.62,0
40880,-1.174,-1.127,4.344,-3.111,2.374,1.866,-1.521,-1.405,4.179,4.225,733.68,1
166752,-2.106,-3.852,1.36,2.197,-2.274,2,-2.249,-3.102,0.27,0.507,4252.12,0
144546,-4.295,0.752,-3.252,0.082,1.748,4.208,-0.203,-2.617,1.464,-2.999,2271.13,0
3849,-0.066,0.692,-1.321,0.067,2.631,-3.966,1.665,1.732,-0.08,-3.876,3384.88,0
71247,,1.426,-0.713,-1.96,4.349,-4.633,2.014,3.482,-2.121,-1.239,3284.01,0
154837,-4.375,-2.176,-4.444,-2.535,1.961,2.397,-4.653,-4.705,-3.275,4.819,2141.49,0
44106,-1.095,-2.003,-2.751,3.147,3.281,-0.169,-1.792,-2.079,-4.978,2.902,2624.15,0
23553,0.227,-4.67,-0.546,-0.813,0.146,-0.623,4.002,3.939,-2.349,-0.793,968.63,0
6820,-1.717,-3.255,1.929,-1.868,-2.495,0.399,-2.082,0.742,-2.357,3.523,304.5,0
27433,-2.233,0.138,2.393,4.161,-2.066,4.952,-2.806,-1.11,3.718,-0.866,2009.86,0
79375,1.696,1.01,-1.799,-1.812,-3.076,-1.501,1.325,-1.465,2.498,-2.248,3229.61,0
34057,-3.055,2.913,1.12,-2.535,1.059,-2.78,-1.964,-3.227,2.316,4.712,1653.21,0
2391,-0.648,-3.32,3.161,-3.132,-4.304,-4.211,-4.814,-1.989,0.395,4.018,1576.22,0
122060,-4.529,-3.146,1.297,-0.736,1.057,-3.793,-3.368,-1.645,-1.87,3.012,3017.98,0
10740,-1.089,-0.108,3.589,-2.91,-3.243,-4.904,0.659,1.081,2.9,-1.338,28.11,0
18092,-4.811,1.906,-4.35,-2.979,4.977,-1.512,1.732,3.012,0.913,-3.941,?,0
107502,-1.444,-1.399,3.768,-4.036,-0.742,1.911,-4.196,-0.515,0.009,-4.751,4411.86,0
166963,1.748,2.304,-4.489,-0.313,-3.196,-0.476,4.14,4.904,1.855,-1.044,127.28,0
12062,-1.243,-3.594,2.389,-1.802,-3.595,4.275,-2.323,-1.916,4.474,1.078,1884.47,0
112563,-2.932,-1.891,3.688,4.521,1.947,0.881,-3.809,-0.066,1.045,-2.823,361.77,0
166873,-4.693,-2.632,1.076,-0.899,0.592,-1.644,0.624,-3.358,3.801,0.606,807.18,0
12533,-1.49,3.558,0.851,4.66,-2.587,1.036,2.716,-2.23,2.485,-2.529,1688.99,0
107747,-3.261,4.062,-1.601,-0.415,4.162,-1.575,3.66,-4.72,1.418,0.755,2779.05,0
7348,3.399,-2.731,-0.172,2.917,4.13,-2.543,0.544,-0.461,1.575,-1.483,4323.92,0
32404,2.24,-3.527,0.58,-2.712,-0.136,-1.92,0.498,-0.109,0.387,-4.004,159.96,0
110111,1.057,-3.107,-4.647,-4.218,3.805,-4.628,0.953,1.955,1.197,3.637,24.61,0
42419,-3.256,-1.159,-1.358,-3.896,0.475,-1.909,-3.821,4.597,-4.684,0.372,0.96,0
92532,1.734,-4.272,4.147,3.807,4.158,3.488,-3.833,-3.838,-3.336,-3.67,?,0
85226,0.812,4.621,4.273,-3.399,-1.196,2.422,0.039,4.312,-4.336,2.946,3018.47,1
49907,-3.427,0.225,-3.098,4.574,2.54,2.312,1.615,-4.938,2.125,4.657,1899.77,0
41740,-1.493,-3.398,3.868,-1.891,-3.105,0.505,-2.526,0.584,1.63,4.336,2284.79,1
133130,-2.106,-3.565,4.254,1.779,-0.733,-2.976,-1.797,-0.532,-2.512,-2.842,3637.36,0
59284,-3.018,-0.133,0.432,0.293,-2.506,-3.971,4.298,1.302,-3.685,2.074,3971.98,0
120616,0.795,-1.313,-3.705,-3.13,2.418,4.452,-2.407,-4.413,3.937,-4.342,791.52,0
156288,,2.58,2.916,-1.629,-4.134,-2.448,3.206,1.638,-1.227,3.265,1867.93,0
92715,-2.767,4.543,0.571,-2.975,2.972,-1.27,-1.148,2.311,2.209,4.009,4472.63,0
148425,-3.98,3.137,3.759,-1.399,-0.698,-2.651,0.691,3.932,-1.509,-4.389,316.87,0
80365,4.373,-4.962,2.311,2.811,2.86,3.862,-3.228,-4.137,-3.797,0.78,234.65,0
138773,1.843,2.918,-1.989,-0.884,-1.378,-3.63,-1.171,-2.574,-0.191,-3.883,479.47,0
161294,4.211,4.594,0.736,-4.807,0.043,-2.408,3.676,-0.927,4.946,-0.051,483.67,0
100722,-0.509,-3.459,-2.723,-4.179,-2.446,-3.742,-1.07,-1.468,4.459,-0.736,?,0
165999,3.062,-0.917,1.391,3.948,-4.565,3.01,4.422,2.209,1.205,0.134,2146.88,0
4579,-0.581,-0.382,3.54,-1.567,2.81,-1.795,0.124,1.102,2.173,-4.8,2457.13,0
117468,1.118,3.711,-4.635,-2.041,-4.305,-4.972,-2.727,-3.209,-0.801,0.676,1234.34,0
88400,0.104,1.944,2.525,2.538,4.435,0.753,4.488,4.596,0.757,-3.422,1516.69,0
60256,2.117,0.681,-0.777,-0.419,1.788,1.885,2.105,0.506,3.912,-3.08,3807.79,0
135493,4.81,-2.527,3.753,0.906,3.825,0.423,3.344,1.359,4.913,-0.25,3902.12,0
47822,1.188,3.435,3.581,-2.073,-3.223,1.012,0.441,-3.567,-2.042,3.579,185.46,0
127401,0.806,-3.632,4.737,-2.564,-0.843,1.498,-4.462,3.7,-3.208,-3.634,1774.24,0
157780,-1.341,-4.157,2.257,-3.654,2.496,-1.279,1.143,-1.781,-3.663,-4.371,2163.09,0
17673,-2.292,2.031,2.832,0.695,3.592,-3.588,3.825,4.955,0.604,-4.66,2231.97,0
21,0.243,-3.07,3.539,3.702,-4.455,3.25,-0.306,-4.546,-0.895,4.496,1611.09,0
97523,-3.516,2.453,-0.178,-4.006,3.133,-4.07,-0.676,-2.163,-0.279,-3.967,261.82,0
166884,4.533,0.83,-3.09,0.024,-4.739,2.128,1.104,-3.693,-1.379,-3.749,9.46,0
152744,4.939,-2.738,3.451,4.422,-1.246,-4.897,-2.124,-1.212,4.645,-0.504,3999.71,0
145586,2.148,-3.243,-1.055,-2.002,1.98,0.229,-0.748,-1.887,-4.117,-4.976,1745.51,0
144690,-1.646,2.682,-3.532,3.559,1.596,2.586,-1.747,1.814,-1.839,-4.036,1957.08,0
73662,-2.841,3.156,-4.36,-1.424,2.622,-3.759,-1.77,3.192,4.218,-4.632,2340.03,0
140956,-0.706,-0.757,3.969,2.351,-3.512,1.158,-0.969,-0.197,-3.54,1.102,764.04,0
45335,-2.908,-2.001,-3.548,3.612,2.317,1.218,0.504,1.927,-0.417,-2.09,374.68,0
112522,3.684,1.971,-2.159,2.042,-4.879,-2.807,0.216,0.769,-4.657,-2.269,4556.18,0
111615,4.087,4.442,-2.648,3.554,-4.388,0.956,-3.139,4.98,2.644,-4.388,1309.43,0
161182,1.521,3.218,-4.253,1.132,0.537,2.509,-2.082,-4.615,-1.445,3.432,2987.77,0
67799,-1.76,-4.51,3.772,-1.85,4.951,0.983,-1.194,-4.159,4.702,-3.831,4913.74,0
68752,1.063,-3.873,-2.628,4.285,-0.926,1.545,-4.732,-3.334,-3.947,-1.499,2844.25,0
4376,-4.096,1.896,1.044,1.289,-2.415,-2.946,0.924,1.528,1.781,-0.916,299.28,0
19997,2.113,-2.441,4.397,1.354,-2.323,-4.489,-0.217,4.368,-1.271,1.197,4075.42,0
101558,-4.154,0.582,2.857,-2.695,-2.426,4.869,2.423,2.39,4.303,4.811,4984.1,0
27340,-1.781,-4.433,-4.355,-3.466,3.251,2.28,-3.52,3.404,-1.307,1.149,1761.1,0
106932,-1.471,-1.532,-0.016,-2.28,1.871,2.246,1.831,-2.446,1.323,3.68,483.75,0
98838,3.08,-1.685,-0.22,0.176,4.603,-4.962,-0.671,3.492,-0.134,4.117,892.7,0
54955,3.099,3.107,-1.776,-3.001,-3.149,-4.447,-0.61,-2.16,3.219,1.933,1860.19,0
165389,4.544,0.538,-2.986,2.16,1.017,4.519,-0.029,-0.549,2.652,-0.907,4213.58,0
74074,2.34,-1.159,2.277,-4.14,-0.749,1.656,2.209,-2.13,-1.207,0.12,2792.38,0
117066,-2.349,-0.715,-0.508,-3.714,-4.577,2.052,-3.603,0.259,-0.32,3.477,2647.99,0
51131,1.465,4.57,-0.599,0.835,-4.805,4.963,-2.126,3.035,-2.933,-0.356,4906.39,0
45259,1.127,-4.196,-4.552,-2.588,-1.066,3.107,2.07,0.904,-2.477,4.094,1734.47,0
58696,0.42,4.915,-0.058,1.143,-2.281,-0.242,-2.049,-1.434,2.665,-0.677,2469.78,0
100706,-0.1,2.567,-0.376,-1.661,0.667,3.613,2.97,2.625,-2.395,2.206,2200.8,0
82836,-3.654,4.458,-2.617,2.251,0.573,4.096,4.958,-4.802,3.76,-0.168,4598.4,0
25914,-4.42,-4.993,1.647,-0.227,0.479,0.542,0.748,-1.887,2.7,-2.147,3506.25,0
48785,0.781,-1.308,-0.043,-2.004,3.187,4.35,4.395,-3.809,0.251,-3.813,3744.66,0
58116,1.253,-0.893,1.315,-3.74,-0.682,-4.177,-2.167,3.321,0.048,0.474,1568.22,0
123167,-1.187,3.199,4.991,4.079,-2.242,-4.395,2.235,-4.07,2.297,-3.22,2773.64,0
126833,0.395,-2.613,-3.433,3.531,-1.492,4.479,2.768,1.679,-3.263,-3.994,2542.68,0
122782,4.325,-2.369,-3.547,-0.556,4.633,1.502,-0.082,-2.976,-1.486,2.969,1674.02,0
101955,-2.724,-3.483,1.727,3.61,-3.358,4.197,-0.917,1.469,1.517,2.61,2648.46,0
42939,0.114,3.596,2.171,-2.547,2.916,0.645,4.627,3.546,3.029,-0.967,4647.73,0
47488,-1.121,-3.3,-0.476,3.178,-4.068,4.992,-3.68,3.141,2.83,-3.612,4406.06,0
65960,-1.283,1.383,1.852,0.689,-3.794,-0.707,0.294,3.635,2.917,-1.125,3556.99,0
136803,0.209,3.073,-1.136,2.141,-3.585,-2.085,-2.095,3.668,-2.734,-0.314,220.88,0
109351,-2.957,-4.683,-2.882,3.259,4.604,-3.424,4.559,0.851,-0.509,2.679,?,0
101930,-4.199,1.3,-0.107,2.547,-2.048,-3.428,-4.647,2.598,-0.466,4.755,3714.67,0
93892,4.557,3.845,4.742,2.117,2.2,2.992,-3.38,-1.979,-2.684,-1.111,4716.63,0
61388,2.431,-1.679,-1.471,1.069,0.336,4.834,1.311,2.019,4.72,-3.427,3570.49,0
123050,-1.951,4.666,0.502,-3.389,-3.605,0.987,4.269,-2.696,-3.722,1.748,384.91,0
39289,0.777,-4.646,2.796,-2.229,-0.513,-0.354,1.463,-4.346,2.024,-2.228,3256.13,0
162151,-3.43,0.28,0.535,-0.904,2.221,-2.909,-4.927,-0.852,-0.09,-2.003,2030.73,0
33445,2.309,2.41,-1.277,3.111,4.012,0.063,-4.84,4.947,4.422,0.288,3352.72,0
156648,-4.24,-2.918,3.211,2.768,4.48,4.044,4.158,-3.649,2.19,1.538,839.53,0
76935,-3.774,0.755,-2.861,2.531,3.502,-3.124,-0.602,-2.276,1.481,-3.534,4205.79,0
92519,0.164,1.258,-1.873,-0.033,4.372,4.631,-0.737,-2.839,3.654,0.281,2106.26,0
143118,-1.842,-0.801,-1.963,-4.579,3.141,-2.604,-1.832,-1.76,-4.96,-0.612,2391.51,0
90625,-1.122,0.21,-4.775,0.472,3.316,1.182,2.925,3.535,-2.385,3.3,4.92,0
14278,1.403,2.856,0.326,-0.788,0.596,2.048,2.439,2.049,4.393,-4.026,869.14,0
87792,0.56,-0.084,4.659,-4.179,3.938,0.658,2.462,0.037,1.727,3.627,?,0
156044,0.452,4.253,-0.907,4.022,4.87,-0.092,4.791,1.617,1.955,4.107,3929.21,0
123493,4.264,-0.301,-0.779,0.489,-4.63,2.779,-4.044,-4.398,-1.67,4.158,1152,0
131868,-3.537,4.397,-0.602,-3.318,0.791,0.101,2.037,-2.293,-2.06,1.781,4501.61,0
155226,-4.046,1.009,-1.237,-0.818,0.356,-1.644,-2.851,0.955,-3.227,-0.174,538.08,0
93927,-2.293,-2.71,-4.305,3.231,3.921,3.123,3.472,-0.496,0.465,-3.207,4579.88,0
66175,-4.615,-3.616,-2.689,-4.672,4.764,0.588,2.463,-1.439,0.225,-4.475,1147.02,0
170597,-2.519,1.433,-3.529,1.547,-3.074,-3.78,-0.006,-2.25,3.048,-0.766,1714.62,0
4959,-3.815,-0.44,0.698,-1.652,4.065,4.725,-2.453,3.614,0.53,-3.17,4966.54,0
76070,0.175,-4.692,-4.906,3.712,-1.442,-2.745,3.036,-1.778,1.616,-1.511,1355.03,0
3858,4.235,-1.106,-0.453,0.136,1.454,-3.737,-1.192,-2.823,-4.554,0.599,2330.05,0
59787,2.676,0.454,4.704,4.042,-4.84,-0.583,-2.458,-0.316,-0.517,0.494,158.95,1
110996,2.543,-4.534,-4.927,3.576,-0.845,3.126,0.866,4.854,0.502,-0.33,3011.41,0
14638,1.816,0.418,0.215,-3.671,1.695,4.789,0.997,2.729,2.556,-1.463,3415.96,0
12293,2.961,2.187,-4.215,1.968,4.63,3.556,3.95,-3.324,-4.934,-2.079,3357.12,0
75873,-2.778,4.831,2.335,3.005,-1.612,3.672,-3.582,4.705,3.982,4.905,1797.79,0
37097,-0.236,-4.011,-1.784,0.028,1.789,-2.386,-4.479,3.578,1.537,-4.455,3021.01,0
12009,0.865,3.227,1.027,-1.599,-4.699,4.976,-2.164,2.843,-3.945,-0.126,2754.86,0
13779,0.117,-0.982,4.437,3.648,-3.252,2.935,-0.064,-1.585,3.086,4.769,2718.92,0
76970,2.992,1.872,2.387,-4.759,0.919,-0.804,4.108,1.035,-3.8,-0.505,2381.7,0
76589,-3.445,0.34,-2.729,-1.447,-2.315,3.842,-1.857,-1.293,1.688,-3.931,4426.9,0
11249,-2.8,1.47,0.73,-3.209,-4.877,-3.562,-3.691,4.482,-4.775,4.72,517.07,0
98443,0.991,1.372,1.074,2.372,1.816,0.37,-2.678,2.24,-3.984,3.499,2471.94,0
133119,3.783,1.841,1.179,-3.199,2.262,1.114,2.089,2.715,3.411,1.593,3070.34,0
171907,2.171,-3.63,3.344,0.308,-2.839,-2.963,-3.175,3.268,4.504,1.512,2323.98,0
13059,,-0.777,-3.921,-1.11,-1.384,3.155,0.087,-0.172,-1.443,1.469,2861.04,0
55615,4.357,2.906,-4.163,1.25,3.246,-2.496,0.457,-3.301,3.339,4.682,461.39,0
159983,-2.78,4.871,-1.437,-1.015,-2.964,1.267,2.085,0.76,0.197,-0.098,1197.94,0
101063,1.397,0.193,3.133,0.673,1.934,1.719,1.919,3.784,1.317,2.472,4300.48,0
90556,2.453,-2.706,1.038,-1.805,4.661,2.15,-3.552,-2.86,0.437,-0.075,3698.57,0
34473,-3.014,-4.481,-0.451,-3.029,-0.733,-2.167,-0.854,-0.943,3.598,3.181,3079.86,0
162297,1.307,-4.8,2.947,0.641,0.457,-0.55,-4.124,3.619,-4.348,-2.833,108.53,0
92780,-0.992,-3.457,1.851,-1.766,-1.903,-2.657,4.129,-0.62,-2.4,-0.296,1887.31,0
102278,4.527,-3.709,-1.524,-1.124,-0.675,-4.588,2.998,-3.661,2.76,1.136,3595.75,0
75556,2.095,4.711,3.495,-4.034,-4.824,4.603,-2.059,-1.762,-0.821,-2.437,4905.89,0
170623,3.008,1.701,-1.751,-2.62,-0.844,3.743,0.23,-0.174,-4.755,2.721,3767.09,0
36661,0.307,0.008,1.35,-1.653,-2.042,-3.45,3.803,-4.036,1.281,-3.898,1461.18,0
19517,,-2.359,4.112,-0.763,2.154,-4.17,2.633,-3.51,0.951,0.942,892.82,0
121890,3.99,-4.223,-3.968,-4.863,3.342,1.498,-1.892,1.731,1.152,3.779,3657.52,0
10471,2.636,-1.131,4.212,2.124,0.292,-1.34,0.616,0.482,-3.232,-1.048,2080.18,0
105382,0.349,-0.149,2.82,-1.716,4.239,-1.298,1.521,0.738,0.773,-0.717,83.72,0
117035,4.571,2.853,-1.305,1.407,-0.545,2.775,-2.282,-4.095,2.715,-3.161,1800.87,0
74456,-2.395,-2.552,1.707,4.286,-4.956,4.739,2.635,3.946,2.884,-4.325,1303.45,0
147115,2.846,-1.138,0.117,1.016,1.893,-0.771,1.552,4.312,-4.653,0.139,1800.62,0
9320,2.869,-2.361,-4.08,3.364,4.507,3.076,1.957,1.845,0.753,2.949,1428.16,0
134010,1.332,1.458,-2.948,-4.583,4.847,4.425,-2.224,-4.247,-1.113,2.443,449.86,0
133545,-1.12,-1.312,-4.024,0.016,-0.357,-3.421,3.739,-3.259,3.129,-3.219,51.41,0
161694,3.698,2.007,-4.94,-0.43,-1.363,-3.114,-0.911,-1.153,4.826,-4.061,48.74,0
46949,-3.654,3.43,-4.976,4.16,4.998,4.795,-1.559,1.571,0.514,0.655,3390.06,0
98662,,-2.603,3.231,3.201,-2.642,-3.906,1.118,4.739,-2.657,-3.73,2655.24,0
119533,-2.273,2.956,-1.894,-1.958,3.774,3.966,2.295,1.695,3.076,1.609,2485.66,0
59218,-3.149,4.981,0.188,-0.127,-3.551,-3.772,-4.826,-2.628,-3.24,-0.663,78.31,0
148251,4.235,2.476,2.579,0.733,1.289,-1.924,-4.042,4.534,1.35,3.93,837.22,0
19228,,-1.086,0.078,-2.263,-1.784,1.005,-2.162,2.65,1.3,-2.905,3752.1,0
124382,4.981,-0.137,-3.228,0.729,1.269,4.619,2.921,3.44,2.717,-4.462,3883.51,0
59810,0.115,0.609,-3.22,-2.844,-1.577,-1.866,0.583,-1.536,-0.118,3.573,2596.24,0
154658,-4.928,2.93,2.956,-3.308,-2.588,-0.58,-0.253,-1.974,-3.92,4.386,3752.77,0
87047,3.619,-3.296,-0.729,3.066,2.174,1.948,-4.705,2.197,-2.142,0.225,552.8,0
98553,-0.95,1.472,-4.401,0.124,-3.292,-1.906,-2.592,-3.278,-0.111,-1.286,4504.97,0
80249,-3.528,2.411,1.326,-1.013,-4.362,-2.652,-0.098,4.855,1.195,4.701,423.82,0
89299,4.588,-1.797,3.089,-4.982,-1.158,-3.86,0.878,-1.567,1.76,4.837,810.55,0
56956,1.567,2.593,2.109,1.905,1.461,4.465,3.198,-2.314,0.733,-0.58,3418.67,0
155995,1.511,3.028,-1.475,3.548,2.212,-2.621,-0.805,-3.154,-1.371,2.731,506.47,0
142121,-4.527,-0.244,1.469,-3.452,-4.742,2.694,-3.024,0.079,3.768,2.6,?,0
59331,-2.035,2.857,-1.095,3.075,3.391,-2.868,1.624,0.43,4.616,0.507,4483.75,0
103926,4.618,-2.054,-0.077,3.984,-0.854,-2.085,2.411,4.607,-2.055,-0.737,1895.66,0
48880,-1.999,0.399,-2.749,4.467,2.109,2.606,-1.6,3.783,1.906,-0.868,1163.06,0
111200,-4.502,-3.694,4.853,2.073,3.038,3.17,2.037,1.712,-0.369,-2.484,1649.49,0
136424,3.9,-3.617,-2.924,1.622,1.722,-4.014,4.636,1.563,-3.209,-2.379,4518.74,0
35190,,-1.161,3.515,3.637,-3.866,-2.519,2.782,2.109,-1.975,-1.479,4922.26,0
40833,-0.488,-4.143,2.235,0.152,1.117,1.759,-4.76,-3.93,4.004,-4.199,1946.38,0
13087,-2.785,2.074,-3.722,2.787,1.019,-1.506,4.925,0.144,-1.239,0.27,924.85,0
151850,-2.552,3.272,-4.266,-2.995,2.974,-3.307,-3.324,2.737,-4.967,4.997,4547.6,0
42335,-1.841,4.469,1.488,2.876,-1.494,-1.918,0.259,-3.104,-2.747,0.819,1536.3,0
156313,-3.707,-4.144,-3.026,-1.329,-2.591,-3.842,-0.821,-1.955,-1.945,0.072,1874.69,0
17849,-2.016,3.885,-2.555,2.064,-3.565,-3.256,0.734,-2.77,2.606,4.767,4896.54,0
137652,0.852,2.582,4.763,-4.181,-1.181,-2.285,3.588,-1.004,1.506,-2.228,4525.3,0
103507,-3.645,-4.387,2.245,-0.938,-2.517,2.962,-0.415,4.783,-3.485,1.121,4084.33,0
512,-2.16,-2.859,2.784,-1.808,4.954,-4.844,-2.035,1.574,-3.302,-3.808,3895.31,0
93312,-1.43,3.01,-1.074,3.455,3.105,-2.994,3.828,-2.307,-4.838,4.719,2357.62,0
74313,4.571,0.186,-0.476,-4.659,-3.903,-1.722,-1.369,-1.337,4.645,4.073,3895.01,0
50895,3.494,-3.646,1.664,1.49,-4.029,-3.458,1.341,0.937,0.918,-4.556,3202.54,0
122338,0.6,-4.164,-4.357,-0.634,-4.974,1.339,2.777,0.969,-3.801,-1.919,4210.72,1
110218,-4.518,-4.93,-4.321,-2.614,2.786,0.289,-0.493,2.184,-4.456,-4.78,1335.65,0
35885,-4.989,4.009,-4.17,4.957,2.112,2.284,2.034,1.162,-4.198,-4.51,2751.38,0
822,2.911,-1.499,-4.638,-2.2,-4.909,1.658,-2.255,4.67,2.256,0.083,1289.94,0
43924,0.322,-0.832,0.23,-1.56,2.797,-1.998,-0.53,-0.006,-2.629,2.019,3293.78,0
116521,-4.883,-1.384,-2.576,-1.195,4.091,1.82,2.322,3.513,0.022,-1.391,550.79,0
10594,2.769,4.401,1.688,-3.656,-2.917,4.233,-4.337,3.628,0.674,-2.133,589.57,0
58770,2.394,0.263,3.385,1.506,3.862,-0.02,-0.44,-0.251,4.274,3.224,4855.49,0
117106,4.531,-2.705,-1.488,-0.279,2.259,1.407,-0.021,-1.123,4.785,0.34,2404.31,0
85900,3.476,-3.434,4.77,2.996,2.484,3.324,1.826,-1.923,0.722,-1.21,4867.93,0
76788,0.389,1.061,-0.333,0.384,-3.508,1.428,4.818,0.527,-0.244,4.763,4155.07,0
107526,4.771,0.952,-3.729,2.792,-1.397,4.108,-2.262,-0.314,-4.263,3.579,3439.35,0
15694,-3.553,-0.332,-4.168,-3.642,-2.995,0.346,-1.61,-0.266,-4.129,-1.985,3987.2,0
51877,2.303,1.361,0.839,-0.386,-1.813,4.196,-4.885,3.967,-4.62,0.099,2141.93,0
12509,-2.998,-1.331,-1.208,-0.991,4.589,-1.869,-0.856,3.407,-2.794,3.539,3903.77,0
100046,-1.128,4.846,3.578,1.149,1.807,4.144,2.307,0.036,-0.713,2.138,4515.02,0
136610,-0.207,-2.326,-0.607,1.418,-2.782,-1.808,2.452,1.562,-2.243,-2.164,4168.91,0
12985,4.96,-2.363,0.048,0.141,-4.87,-3.348,4.594,0.31,1.742,-2.356,151.69,0
132080,-3.313,0.91,-2.766,3.609,-4.267,-1.894,-1.755,3.863,3.336,3.484,3933.35,0
121731,-0.194,2.623,3.258,-0.206,-0.653,1.464,-3.273,0.411,-1.592,-2.891,605.47,0
14160,-4.712,2.269,3.176,4.655,0.848,-0.414,0.675,-4.876,-1.093,1.066,3212.83,0
100729,-0.095,-2.314,-2.842,-1.758,4.968,3.179,-3.522,0.469,-3.164,3.197,4612.03,0
172743,2.77,-4.943,-1.948,1.131,-3.22,0.867,-1.997,-2.745,4.521,2.005,3451.82,0
59614,-1.112,4.159,-3.633,3.438,2.767,2.065,-1.55,-1.654,1.56,-4.662,3467.93,0
41302,0.928,-4.344,3.705,-3.483,1.736,-3.394,1.405,1.195,-1.348,1.626,3103.64,0
164631,2.531,-3.501,1.259,-1.502,2.839,-4.411,-1.099,-2.964,-2.796,-4.65,4437.46,0
50030,2.839,-1.659,1.515,3.097,1.881,-3.591,-1.677,3.855,3.885,-3.05,2943.4,0
113346,-2.286,1.196,-0.448,-3.059,2.329,-1.326,0.473,0.275,-4.221,1.517,622.73,0
158072,-1.324,-3.038,-1.596,1.36,-3.469,2.232,2.38,2.097,-1.934,-2.505,1919.12,0
116207,3.319,-4.409,2.631,-2.404,-1.232,-3.941,3.356,0.227,-3.425,0.249,4299.17,0
23261,3.354,0.601,-1.543,-4.638,1.465,2.836,-4.327,-1.027,-1.055,2.396,2821.59,0
133389,2.905,-1.476,-4.345,-1.755,-4.143,-3.256,2.964,-1.263,-3.278,3.464,3344.27,0
163937,-4.692,0.044,-4.572,2.961,-1.978,1.024,4.781,1.761,0.041,1.68,1555.27,0
95133,4.077,-4.707,-2.411,1.511,2.586,3.404,-4.725,-2.012,-4.421,-4.047,63.9,0
128826,-3.967,0.998,0.03,2.612,1.793,3.648,-4.907,-0.306,-4.304,1.212,4807.89,0
132909,-3.141,3.491,4.797,3.404,-0.079,-2.756,3.184,-4.948,2.089,0.797,4003.78,1
107385,2.638,1.355,2.822,0.016,0.728,-1.672,-4.556,-0.425,-1.002,-1.735,3890.29,0
43368,3.223,-4.148,-0.979,3.294,-2.256,3.487,4.381,-2.587,0.271,2.114,4544.15,0
126592,3.918,-3.309,1.89,1.39,-1.255,-1.096,3.038,0.153,2.335,-4.487,388,0
79002,4.738,4.618,4.932,1.832,-4.592,1.382,1.996,-3,4.637,-2.781,3087.19,0
13839,3.753,-4.122,3.242,1.812,-2.538,4.76,-4.464,0.472,-1.653,3.683,3951.17,0
120549,-1.103,0.423,-3.853,-1.946,-4.9,-3.434,-4.624,-2.119,4.898,-0.931,2923.03,1
141853,-2.831,1.393,-1.357,-4.464,-4.871,-2.08,-0.165,-0.3,2.851,4.101,709.62,0
115266,-4.821,-4.992,1.943,-4.918,1.74,4.251,-3.539,2.318,3.324,-2.758,492.67,0
128645,-3.551,-1.063,-0.955,0.329,0.105,4.824,-4.644,1.158,-1.039,-3.386,3529.8,0
87833,1.642,-2.078,1.661,2.727,-2.52,4.981,2.699,-4.829,3.706,4.529,4657.58,0
164385,0.929,-1.364,-4.106,2.608,-3.238,3.462,4.765,-3.593,4.835,-1.453,?,0
75608,-4.085,3.556,1.83,1.355,4.455,-3.172,2.963,-1.498,-4.447,-3.014,2882.37,0
5431,-0.401,-1.023,0.4,-1.952,-2.71,-1.017,-4.018,-2.088,4.122,3.983,1795.71,0
86580,2.448,-0.925,0.422,2.039,-3.933,-3.479,-1.547,-1.628,-4.917,-1.742,2305.75,0
17292,0.565,3.273,2.022,1.944,2.167,-2.207,-0.463,4.167,-4.303,2.488,3975.55,0
144213,4.106,-1.437,-0.59,-3.007,-3.581,-0.518,1.323,1.14,-4.226,-3.707,1522.66,0
14754,-0.14,2.322,-3.118,1.194,3.834,-2.536,-0.229,-0.074,-2.612,0.091,1854.14,0
114156,,0.392,1.591,2.712,2.526,-3.65,-0.2,-0.796,-1.316,1.999,668.96,0
113273,-0.079,0.492,-2.864,-1.809,3.071,4.063,-0.345,2.818,-1.214,1.6,2371.07,0
11533,-1.331,-1.531,3.608,-1.731,2.516,-3.238,1.56,3.017,1.804,-1.257,1592.51,0
51739,-1.375,-4.323,-2.717,3.941,0.922,-1.661,4.42,-2.94,1.399,-0.908,2455.28,0
85928,-4.961,-1.633,4.511,-3.698,0.478,-4.597,-1.972,0.74,-1.63,-1.915,1338.24,0
63389,-3.944,3.548,0.486,-3.983,0.577,-1.562,-3.393,-0.732,-0.796,-4.152,2562.07,0
119010,3.016,3.53,1.731,-4.4,2.059,1.559,3.476,-2.411,-1.66,-4.514,2599.58,0
68444,-1.133,-1.809,-0.26,-4.151,1.202,3.433,1.316,1.631,0.234,2.989,4728.19,0
43833,3.708,2.502,2.92,-0.996,2.818,4.522,-4.572,-4.171,-4.242,0.107,497.63,0
169510,3.892,2.732,-2.205,-4.941,-2.496,-4.288,1.996,1.84,-2.433,2.869,78.38,0
51300,-2.424,1.825,-1.9,-2.229,-0.491,-4.332,4.744,3.213,1.218,-2.763,1554.6,0
85408,-2.919,2.879,2.715,2.296,-2.418,1.247,-3.219,-0.294,-4.078,2.689,359.67,0
167083,2.563,-3.984,-4.659,-2.839,1.322,-0.619,1.364,-4.238,-0.791,-0.73,5.38,0
125309,,-3.398,3.153,4.638,1.388,1.684,4.071,-0.84,2.723,2.2,4032.36,0
27116,-1.365,-4.172,1.497,-1.622,-0.937,0.696,-3.948,-3.855,4.41,-3.758,1088.48,0
48561,-2.019,-3.224,-1.057,-1.902,-4.6,-3.726,2.221,-3.698,-2.839,1.69,733.82,0
13590,3.507,3.566,-0.087,-4.195,-3.314,2.385,2.183,-1.711,3.874,1.067,3820.74,0
86391,3.108,-0.687,-2.733,-1.968,4.829,-3.118,2.788,1.357,1.456,-4.312,1550.2,0
95500,2.183,-3.511,-4.404,2.17,-4.51,-3.517,2.467,3.978,-0.153,0.158,3487.06,1
119345,1.76,-3.014,-1.478,-0.882,0.775,4.922,1.532,-2.769,4.124,3.387,2386.78,0
78365,-1.739,2.465,-1.833,4.517,-1.103,-1.787,-1.947,-0.683,2.341,-0.23,2333.64,0
64568,-2.73,3.827,-1.175,-4.123,3.22,-4.955,4.378,4.494,3.291,3.007,2603.2,0
80071,-0.812,2.699,0.754,-2.609,-1.898,-0.98,4.779,3.326,-3.62,-1.384,2379.41,0
156925,3.663,4.882,2.071,2.238,1.541,-0.611,-4.308,-1.99,-0.119,1.464,2092.08,0
148123,-4.396,-1.23,-0.297,2.143,0.524,2.649,-1.217,-0.268,4.592,0.781,955.34,0
124730,0.102,-0.912,1.987,-2.605,1.722,0.746,0.478,2.308,1.161,-2.196,3844.79,0
117407,4.098,2.269,4.257,3.412,2.205,1.511,-0.8,3.13,1.137,-1.844,548.64,0
2778,-0.516,0.048,-4.738,3.973,4.399,-0.041,0.312,0.759,1.898,-3.032,3717.2,0
100129,4.385,0.069,-4.629,-4.95,4.786,3.396,2.566,-1.694,-2.253,-2.792,3785.48,0
69023,1.088,-1.059,-2.77,0.041,-0.763,-4.4,-4.04,0.643,-0.934,0.488,4485.44,0
131937,-4.737,-1.423,-3.992,-2.889,1.927,-1.48,-3.331,-3.743,-2.872,1.252,3532,0
155423,-3.678,4.487,-1.125,-0.276,-1.096,-4.147,-2.318,2.793,2.401,-1.979,2972.95,0
47068,-4.437,4.06,3.492,-3.259,1.097,3.071,-1.452,-2.014,4.783,-2.94,1256.09,0
139125,2.948,-2.536,3.824,3.859,-0.849,0.819,-4.265,-2.587,4.666,-1.802,379.74,0
60189,3.438,-1.199,1.261,3.598,1.897,4.464,-4.204,4.112,2.795,-0.633,559.85,0
99560,4.037,-2.332,-1.303,-1.064,4.362,-2.895,-3.036,0.256,1.23,-1.372,3057.15,0
41851,,-1.839,-1.021,4.253,0.39,4.975,-4.289,4.093,1.703,1.902,2783.67,0
47472,0.349,2.223,-0.903,0.94,3.841,-2.469,-2.332,-2.806,4.112,3.056,4402.71,1
104431,-3.607,-1.397,-3.38,-2.754,-1.434,4.958,0.656,2.415,-2.618,-4.03,4148.55,0
70739,-4.887,0.336,-4.072,-4.373,2.417,-4.63,-1.344,-4.82,-1.393,3.042,2862.53,0
151343,-3.598,-3.006,-3.395,-3.468,1.731,4.637,-1.49,3.663,-2.568,1.606,2655.35,0
38292,,-3.068,0.399,1.926,0.651,0.718,-1.58,-0.97,0.092,1.678,4970.59,0
12781,4.074,4.918,4.822,-0.725,3.791,0.201,-0.295,-3.512,1.658,-0.646,2856.76,0
74207,-1.479,-3.095,-0.904,-1.316,-0.034,-2.775,-4.376,-1.951,-3.104,-4.305,4150.36,0
26490,2.226,-0.631,4.982,1.143,-2.309,-1.076,-3.149,3.164,-1.839,-0.77,730.29,0
123139,3.278,4.482,-2.106,-1.328,-4.079,-4.791,-1.819,-1.377,0.099,4.136,4254.75,0
159407,-1.57,2.28,0.782,4.909,3.446,-3.75,-4.177,1.941,0.207,-1.805,4546.87,0
52363,-2.767,-1.213,2.2,-1.167,1,2.751,-0.059,2.949,-2.81,-2.875,2919.85,0
147464,-3.656,-0.267,4.761,-3.573,4.948,4.203,1.067,-3.124,4.068,-4.418,1925.94,0
17364,2.278,-2.805,0.94,0.72,-0.598,1.149,-3.252,2.951,2.603,4.788,752.95,0
149570,4.618,0.555,-0.105,-0.15,1.834,-3.697,-0.09,-0.062,-2.403,-3.488,871.13,0
41507,2.543,1.628,0.949,-2.919,3.198,3.317,4.305,2.871,-3.722,-3.679,1656.44,0
113827,-1.81,4.557,1.86,4.862,4.389,0.5,2.105,3.318,-0.953,4.142,2567.46,0
139640,0.42,-4.731,-1.214,3.16,-2.031,2.959,-4.921,-1.068,-1.782,-2.01,3033.68,0
106192,-4.81,2.949,2.012,-4.917,4.349,-1.944,-4.031,-4.718,-3.147,0.528,360.78,0
14583,-0.078,-1.173,-3.54,2.4,-1.437,3.11,0.207,0.668,-0.445,-2.668,4320.2,0
152479,-2.222,1.198,-3.958,0.984,1.99,-3.597,1.227,3.192,2.258,-1.216,2968.62,0
122565,0.701,-3.459,1.954,-4.74,2.679,3.838,2.873,-0.109,-1.769,0.188,?,0
129919,3.225,-0.622,-0.036,2.23,2.193,3.196,0.02,1.644,-2.949,3.347,3895.45,0
153587,-1.052,error,-0.039,-1.264,-2.99,-2.314,-2.562,2.374,1.071,-4.739,489.05,0
65652,-3.023,2.964,-1.474,-2.122,-4.222,1.609,3.558,-4.635,3.691,4.597,2560.88,0
88856,-1.305,-3.098,-2.151,3.219,-0.637,-0.056,0.68,-1.077,3.219,4.673,1523.18,0
56088,-4.184,-2.966,-4.89,-4.296,3.628,-1.142,2.178,1.477,-4.069,0.763,2070.51,0
107847,-3.401,1.972,0.707,-2.95,3.525,0.033,-0.736,1.254,-4.465,0.909,3493.15,0
35345,0.477,1.673,-0.104,-4.313,4.777,-2.681,2.941,-2.666,2.211,0.522,1814.67,0
75195,-3.013,-0.917,-0.35,2.102,4.822,1.376,4.705,3.103,1.95,2.352,2470.28,0
168879,3.381,3.33,-0.212,-4.25,1.634,-2.004,1.15,3.381,4.244,1.166,3243.97,0
32980,-4.738,-4.827,-3.115,-2.581,-1.916,-0.039,-2.542,-4.483,1.912,-2.798,517.11,0
31668,-1.651,-3.203,-0.067,4.48,-0.963,-3.656,-3.181,1.698,0.117,-1.527,3665.97,0
49637,4.826,0.888,-3.593,1.674,-1.818,1.001,1.956,-4.705,1.052,3.945,1818.9,0
9533,4.996,-1.111,-2.312,-0.856,-3.629,3.967,2.456,-3.11,2.321,2.665,3851.5,0
47038,-2.236,-2.997,2.071,0.781,3.841,-3.448,0.815,-2.783,-3.079,-3.604,4395.03,0
136042,4.736,2.166,-1.768,-2.611,1.964,2.849,1.073,-4.547,-1.331,2.942,4777.43,0
123387,-1.849,-0.558,0.588,-0.681,-3.113,1.125,4.284,-2.323,-2.823,0.712,206.96,0
17425,-2.761,0.996,4.859,-4.402,4.44,-2.3,-0.714,-2.813,-1.684,0.662,1865.84,0
157038,0.075,-3.81,-1.316,3.775,-0.84,-4.059,-4.314,4.597,-1.581,-0.98,3050.42,0
172485,3.263,-2.974,-2.997,-1.381,4.494,-1.153,1.63,-1.427,0.418,-2.436,1269.27,0
14209,-4.736,-2.967,-0.771,-1.474,-4.078,-1.297,3.204,-3.463,-4.919,-3.686,2729.06,0
168799,3.238,-4.026,0.413,2.496,2.813,0.932,4.189,-1.127,2.475,-3.693,3179.57,0
1592,-2.577,2.236,-1.269,1.853,0.02,-2.451,-3.335,-4.559,2.585,-2.37,559.98,0
103707,3.242,-4.07,2.854,-3.151,2.536,3.799,2.639,-1.525,-1.354,-1.384,1474.3,0
78277,2.647,-4.959,1.89,-2.049,4.727,1.396,-3.014,0.714,1.686,2.99,4575.56,0
142594,1.832,-2.055,0.556,-2.943,3.186,4.59,-1.008,-4.233,-4.514,1.363,2122.4,0
102065,2.208,4.237,1.046,0.01,3.185,-3.726,3.441,-0.9,-3.573,1.839,4295.6,0
33449,4.603,-1.903,-3.524,-4.37,3.404,-0.903,-0.359,-1.106,-4.95,0.573,140.65,0
151380,-2.424,-2.752,4.652,-3.432,-1.974,0.745,1.972,2.276,3.738,2.541,4234.86,0
61948,-4.261,4.455,2.427,4.09,2.035,0.379,-1.421,-2.534,0.87,-3.743,1409.79,0
150880,-3.849,-1.446,3.499,0.795,4.977,-2.753,0.005,-0.603,1.985,-0.774,1017.13,0
44707,-2.4,-1.782,-1.412,-1.694,-3.452,3.792,0.298,1.152,3.858,3.132,2623.79,0
53002,-2.795,-4.584,-2.069,4.944,0.653,3.069,-3.744,3.271,-2.698,1.959,4510.75,0
149361,-3.093,-4.893,3.413,-2.227,-2.11,-3.966,1.245,2.609,3.896,-4.139,1593.95,0
25900,-2.731,-4.684,-4.15,3.323,-0.054,4.121,3.606,0.277,1.607,2.031,4321.71,0
136136,-3.069,-4.434,-4.681,-4.248,-4.973,-1.531,-4.553,0.799,1.118,-0.44,4853.73,0
840,-2.687,-2.336,-4.334,4.298,-1.038,2.707,0.13,-3.16,-2.905,-2.315,350.3,0
44347,0.976,2.578,-3.475,-4.49,-1.37,0.73,-4.722,-1.803,-3.634,3.192,1620.94,0
47914,-0.831,-2.783,2.664,-2.586,3.63,-4.188,-3.146,-3.239,0.35,-0.01,3451.09,0
129778,-4.473,2.127,-4.882,-2.647,-4.158,-4.535,-0.172,4.573,1.776,3.472,4014.37,0
158101,-4.598,2.741,1.335,3.439,4.098,3.837,4.054,-4.858,-2.156,1.863,3392.02,0
96725,3.553,1.161,-3.733,4.535,4.782,-3.764,3.807,-3.253,3.426,-4.893,4043.61,0
75229,3.259,1.168,4.506,4.894,-2.883,-2.515,-0.003,2.396,0.644,-3.7,1589.22,0
14652,-4.818,-2.658,0.121,0.08,-0.138,-3.851,-4.818,-0.637,-4.344,-0.65,2055.57,0
54849,1.914,4.113,-1.242,-0.088,-2.836,-1.609,-0.579,-2.563,3.427,1.548,4977.16,0
12093,-4.563,-2.887,2.861,-0.877,-3.896,-0.006,-0.516,-1.794,-0.917,-0.395,4990.72,0
91340,0.453,4.064,0.432,-3.142,-2.609,4.24,1.328,4.225,-0.074,3.301,4161.6,0
96801,3.08,0.51,-4.06,0.901,0.678,-3.111,-2.127,-4.049,-2.365,-2.775,3377.5,0
135870,1.089,3.46,-0.529,-4.262,-2.081,3.272,4.126,-0.537,-0.668,2.453,1272.46,0
128403,-4.472,2.115,-3.103,-1.702,-4.656,-2.038,-0.961,3.94,-3.844,2.486,2286.78,0
75440,-3.519,0.817,4.267,-0.685,4.61,-3.721,-1.198,0.716,-4.006,-4.666,1952.49,0
169966,4.251,-3.537,-2.651,-1.587,-2.412,4.739,-0.799,4,1.226,-4.687,222.73,0
44359,-2.536,2.487,0.312,4.183,-0.614,0.878,3.803,0.817,-4.207,-1.84,3301.35,0
108632,2.082,4.768,-4.42,3.977,-0.363,2.232,-3.244,-2.012,-2.412,0.714,1039.87,0
121722,4.671,-1.405,2.946,3.067,4.762,3.544,2.988,1.392,-1.175,1.435,3297.73,0
35522,-4.979,-1.106,2.06,3.459,2.639,-0.434,-3.661,2.847,0.336,-1.974,611.08,0
124737,-2.756,error,-2.704,0.78,-2.897,0.762,4.265,4.306,-1.855,3.936,2392.41,0
71983,-0.482,3.368,-4.329,-3.632,-1.321,-3.754,-1.655,-1.961,-2.692,-1.591,847.6,0
62204,-3.123,-3.565,3.693,-0.522,-0.431,-3.025,3.365,-3.058,3.843,-4.609,4114.45,0
86822,0.478,-3.973,4.464,-0.844,-3.809,-2.663,-2.749,2.498,-1.696,-0.683,570.59,0
143989,0.699,-3.143,3.486,-2.075,-3.137,0.362,1.213,-0.531,1.034,-1.126,522.13,0
143804,-3.354,-4.687,-4.262,3.599,-1.285,1.763,0.654,-3.539,-4.922,-0.548,3766.61,0
115257,-4.28,-1.368,-1.034,0.288,1.212,-3.614,1.003,-3.88,-0.318,-2.95,4562.02,0
95001,2.586,-0.218,-4.081,-4.681,-2.507,-4.131,4.551,0.636,3.456,-2.794,4444.16,0
96741,2.242,-3.241,-1.972,-2.992,-2.091,3.258,-1.905,2.076,0.697,-2.321,4132.55,0
164018,2.77,-1.365,1.287,4.663,-1.655,1.795,0.608,3.073,1.456,4.633,4838.1,0
19069,-0.664,2.607,-2.581,2.695,3.255,-4.972,-4.5,2.259,-3.669,0.676,484.97,0
95460,4.539,-4.232,-0.085,0.234,3.174,4.329,-4.972,-0.341,-0.158,-0.428,2293.22,0
2124,2.462,-1.046,-1.739,-0.295,-1.4,-1.918,-2.707,4.373,3.952,0.895,327.66,0
30185,1.007,-1.26,-4.308,-2.643,2.484,2.932,1.044,-3.391,-3.615,3.756,323.94,0
134448,-4.349,-2.248,1.089,0.965,4.703,4.331,0.713,1.777,1.424,0.402,1419.79,0
170319,-3.012,4.069,-0.726,-0.558,1.659,0.692,2.272,-3.134,-0.587,-1.136,2274.08,0
64229,-1.134,0.149,-2.393,3.788,-2.631,3.155,-0.302,-0.638,1.051,-1.339,3360.52,0
91021,-2.466,-3.986,-2.35,0.097,2.873,-3.604,-1.591,-1.501,-3.6,-1.991,3838.71,0
47996,-3.726,1.352,-0.235,-0.38,-0.368,-4.706,1.045,-3.942,0.517,3.01,423.83,0
15178,2.424,-0.049,-0.432,-4.749,-4.937,-3.918,0.559,-4.336,-1.206,-0.532,2405.13,0
170625,-3.277,-3.91,3.564,1.829,0.296,-0.319,-1.071,-1.106,2.715,0.435,3575.63,0
116158,-4.325,-3.671,4.025,1.207,-0.997,2.41,2.691,-0.395,-2.419,3.907,3873.2,0
153396,0.411,-3.011,1.668,-2.398,-3.986,-4.886,-1.815,3.48,-4.79,-2.82,2252.46,0
64722,-1.929,-4.889,-3.232,-1.409,-4.886,2.018,4.021,0.357,-2.223,-0.086,1631.65,0
156249,-0.158,4.661,-2.419,-0.848,-1.106,4.281,-3.494,-3.081,4.132,1.928,3248.49,0
120729,1.321,3.695,-1.182,0.599,-3.14,1.679,-2.845,3.472,2.685,1.149,3908.6,0
121813,-3.703,-1.818,-2.238,1.928,-4.832,-1.667,-1.014,-1.254,0.336,4.237,1973.69,0
142481,-3.635,1.644,-2.846,-3.881,-2.352,3.547,-2.554,-4.818,2.798,-2.219,1809.04,0
84555,-1.389,0.761,2.563,-4.916,-3.336,-4.834,4.88,3.711,-1.607,-0.614,1882.64,0
28153,0.019,-0.199,4.168,-0.571,-1.021,3.902,-1.18,1.164,1.697,0.863,4827.64,0
22817,2.916,3.593,1.866,3.482,3.981,2.04,-4.836,2.31,-3.627,3.858,4369.65,0
94875,-3.033,2.182,3.136,-0.782,-4.274,3.834,-2.405,-2.74,-4.476,-3.679,1150.03,0
143309,-0.172,-0.227,2.503,-1.543,-2.416,-4.115,1.535,-3.107,2.54,2.135,4509.29,0
159645,-1.707,-2.526,-2.951,-3.613,1.824,-0.567,-2.078,-3.292,-1.28,4.522,1188.78,0
86205,4.122,3.488,-3.126,2.999,-0.455,4.137,2.166,-0.363,-2.907,-1.847,158.75,0
145824,3.095,4.378,1.32,-3.394,-0.699,-2.677,4.694,-4.352,-4.033,-2.563,4338.43,0
34314,-4.104,2.541,-2.406,0.668,-4.662,-0.01,1.779,0.307,-4.802,3.632,1469.5,0
129290,0.921,-2.814,2.813,-2.874,2.38,0.512,3.557,-1.182,2.612,4.356,2120.27,0
172447,-4.619,4.23,-4.164,1.864,4.358,-0.775,-0.169,4.217,3.234,-0.825,2854.95,0
100893,-0.607,-3.046,-0.256,4.197,2.153,2.749,-2.973,4.937,3.858,-2.135,2882.49,0
146369,0.027,-2.263,3.531,-3.029,0.591,2.412,-4.709,4.05,-4.089,2.606,3037.14,0
52661,4.234,-0.301,-3.936,-3.291,2.897,4.95,-3.147,4.425,3.259,4.083,4498.91,0
10624,3.544,3.448,-0.04,-3.55,-0.272,-0.42,-2.967,3.663,-0.404,1.485,?,0
62881,4.643,3.551,-4.931,-2.657,-3.885,1.357,0.202,4.669,4.221,1.32,4990.01,0
154571,-3.84,0.831,1.247,3.86,-3.506,-0.678,-0.126,-4.33,2.435,-0.339,774.82,0
4818,1.223,4.626,4.741,-0.389,-3.966,-3.35,-4.47,-0.332,-3.602,-1.192,4755.76,0
80250,4.672,4.21,3,3.994,-1.669,2.371,3.233,-1.557,-0.309,-4.405,3614.05,0
10405,-0.812,-0.598,1.066,1.17,-0.256,0.013,-3.712,-3.154,-4.155,3.841,2766.63,0
142346,-1.388,0.254,3.705,3.629,0.109,4.555,-3.693,-2.164,3.077,4.506,3951.72,0
17528,0.554,2.781,2.211,-2.557,3.172,4.586,-2.281,-2.592,1.417,2.436,3263.13,0
108449,0.68,-0.695,0.605,-3.55,-2.432,1.829,-2.751,0.086,1.608,4.189,1508.59,0
134190,-1.644,0.464,-2.529,-1.184,1.569,3.571,-3.327,0.864,-1.937,-1.397,3927.55,0
47811,4.594,-4.735,-2.742,-1.083,2.712,-1.997,-1.398,-4.382,-0.314,-2.416,2713.93,0
44729,4.728,3.075,-0.292,-1.161,-3.968,0.309,-2.415,2.898,-0.741,-2.205,814.09,0
23885,0.695,-4.331,2.638,1.906,4.084,0.73,-3.19,2.579,4.955,4.758,1350.82,0
32303,1.677,1.78,-3.564,-3.988,-0.459,-0.626,0.684,-1.559,2.262,0.155,3580.95,0
15448,2.742,-4.761,0.745,3.208,4.474,-2.589,-1.594,-0.597,0.467,-3.784,2134.25,0
85999,-1.385,-2.807,3.911,3.249,3.235,3.9,2.34,-2.261,-3.056,-3.092,1059.04,0
122084,2.041,-3.356,3.054,3.08,3.99,4.595,-0.306,-4.797,0.16,0.094,1611.04,0
75425,,-0.05,-1.704,2.666,0.753,-3.203,4.219,-3.537,2.345,-2.906,1422.95,0
71866,2.522,3.01,-2.496,-4.14,0.823,-2.305,4.099,4.081,3.341,3.952,3510.43,0
109794,1.267,3.172,-3.292,-4.579,-2,-0.877,-0.64,-4.556,-2.619,0.627,1314.05,0
15587,-4.322,2.344,3.614,-3.966,3.281,4.128,3.997,-3.802,2.654,-3.615,?,0
117016,-2.016,-0.669,0.453,0.449,2.076,3.082,0.136,-3.361,4.276,2.352,9.01,0
124079,2.792,-3.914,-1.89,0.938,1.839,-1.826,-4.787,-3.574,-1.484,-3.898,2357.5,0
133176,3.31,-0.61,4.014,2.113,3.922,-0.039,-3.805,-4.202,-4.984,-1.035,2103.5,0
90180,1.776,1.147,2.971,-2.252,0.269,1.745,1.085,0.559,4.606,-0.053,4654.07,0
102152,1.833,-4.342,4.687,0.025,3.599,0.587,2.918,2.887,-2.284,4.081,4530.98,0
38845,-0.454,3.221,-0.7,-0.384,-1.769,4.768,-3.242,4.481,-3.782,3.397,3068.57,0
128763,-4.83,1.487,3.062,-3.801,-2.907,0.43,-1.857,-4.916,1.135,3.383,2767.97,0
26772,-3.967,-1.574,4.386,0.955,-4.849,-0.234,-0.213,1.324,-3.318,-1.82,3794.18,0
125171,-4.058,0.466,2.845,-1.985,-4.797,-1.453,3.34,1.092,-0.846,-1.212,3367.14,0
65880,3.245,-4.602,-0.447,-2.155,-2.343,1.158,-0.845,-0.543,4.052,3.029,2245.28,0
132051,3.541,-2.303,4.776,4.302,1.484,-1.115,4.565,1.663,-2.341,-3.387,2209.65,0
40749,4.498,0.935,-0.895,3.882,-0.381,2.189,-3.455,-1.23,-3.2,0.349,1426.78,0
126471,-2.071,-2.205,-0.732,-1.464,-0.143,2.971,3.853,2.241,0.054,4.649,3816.18,0
48530,2.969,2.277,-1.405,-0.782,1.208,-4.659,4.905,0.84,-2.713,-1.133,4582.34,0
51427,1.458,0.425,2.185,2.974,0.857,-0.283,-0.083,-3.049,2.161,2.601,1511.55,0
56617,2.562,-3.501,2.682,-3.497,2.928,3.917,3.591,-2.765,1.583,-3.237,3342.22,0
124257,-1.872,2.396,1.848,-3.895,0.16,-2.333,0.717,2.159,1.146,-4.512,1327.06,0
110712,-4.228,1.411,1.202,0.673,-0.305,3.76,3.785,-3.394,-1.539,-4.567,3574.01,0
127049,2.078,-2.361,-3.593,-4.345,-3.97,-1.7,3.971,-3.999,2.493,-3.102,4332.06,0
56736,2.406,4.266,-2.43,4.921,3.618,3.251,-3.649,3.985,-3.989,-1.377,1022.5,0
31196,-4.605,-2.708,-0.026,4.84,-3.413,-1.928,0.412,1.884,3.845,-2.34,3211.96,0
24145,1.411,-0.589,-0.423,-1.845,0.345,-0.289,-2.44,-4.125,-2.447,-2.715,59.15,0
1580,2.436,-1.743,-1.34,-1.733,3.089,2.347,2.838,-1.191,4.052,2.69,2615.76,0
109785,-2.988,-4.707,-4.499,2.565,-1.929,4.343,-3.028,-2.969,-4.11,3.208,321.86,0
39837,-2.002,-1.363,2.375,2.653,-4.52,3.792,1.353,0.755,-0.909,-0.68,347.12,0
32201,-4.195,-3.261,-4.459,3.521,3.264,-1.603,0.815,-0.538,1.817,3.775,3345.62,0
108296,1.319,3.427,1.778,-1.685,4.406,-0.215,-0.202,4.072,2.23,-0.48,2110.08,0
97923,-2.884,2.315,-3.151,-4.388,-3.708,-0.427,-1.165,-3.915,4.756,-2.626,2269.41,0
29615,-2.969,1.234,-2.398,-1.483,1.558,1.857,-4.117,4.084,3.961,2.74,4295.36,0
75668,-0.49,-3.639,2.29,-1.992,-4.677,3.789,4.807,-3.101,0.196,2.171,4193.51,0
144735,1.39,4.817,3.742,0.281,-0.868,0.457,-4.388,4.113,3.191,1.009,1182.5,0
138608,0.689,0.241,1.826,2.118,-2.691,-2.96,2.467,-4.217,4.075,4.82,1888.22,0
166089,0.385,-1.501,-4.735,0.482,3.465,-3.88,-1.729,-0.39,3.271,-4.308,3621.49,0
2720,3.65,-3.304,-3.201,2.35,-1.548,1.758,2.592,-3.222,-4.901,-1.705,2728.32,0
78806,-2.072,3.153,1.406,-2.029,2.42,-4.205,-2.926,2.361,-1.185,1.522,1940.02,0
138267,-3.989,-1.424,-3.001,1.305,0.409,-0.41,3.809,1.391,-4.129,0.572,3813.6,0
71299,0.909,-2.392,3.754,-3.584,-4.317,-4.751,-3.401,-0.464,-4.828,-2.446,3977.88,0
35875,-0.494,4.606,-4.379,1.558,-2.679,-4.613,-2.796,-3.452,-3.924,2.818,343.79,0
14431,2.943,-0.629,4.305,-0.257,-3.36,1.938,-0.543,-1.696,0.031,-0.854,1164.83,0
152402,-4.839,error,-1.698,2.111,0.153,-4.534,4.094,1.048,-4.459,1.944,831.95,0
121692,4.915,-1.014,-0.456,0.487,3.859,2.832,3.636,2.28,-4.223,1.559,2510.62,0
95253,1.267,2.422,-2.865,-1.741,2.656,-0.468,-4.374,2.994,0.097,3.239,3616.51,0
62105,4.965,0.652,1.71,-1.48,4.587,-3.469,2.722,-2.716,2.873,-1.979,1746.42,0
51724,2.113,-1.01,4.135,-2.845,-3.929,1.639,0.5,-4.139,-2.405,-0.769,104.92,0
78353,0.297,2.707,-2.191,4.931,-1.405,2.381,-4.434,4.78,-1.996,4.338,1179.78,0
122973,-2.777,-3.685,-3.489,-4.176,-1.858,-1.062,-0.007,0.034,4.619,-2.821,2778.39,0
48506,-3.733,0.565,-2.278,4.706,-0.82,-2.535,-4.147,-0.444,2.194,-2.109,2526.91,0
145033,0.687,4.096,-2.366,-4.586,-1.607,-3.922,-0.214,3.769,-3.598,-2.112,2651.41,0
77808,2.255,-0.018,-3.967,-2.528,3.925,-1.471,1.351,2.429,3.002,-2.42,4383.52,0
58647,-1.893,4.155,4.735,-3.618,-2.106,-0.1,3.551,2.189,1.522,4.544,567.81,0
72082,4.271,-2.984,-2.046,-2.113,0.018,0.807,1.569,3.896,-1.31,4.923,3001.97,0
128005,-0.693,2.281,-1.239,4.413,1.058,4.487,-0.37,3.466,-0.542,-4.061,219.59,0
166375,-4.61,-1.201,-2.759,3.496,1.955,-3.858,-4.525,-3.759,-0.491,-4.267,631.57,0
130259,-1.559,-0.875,-1.196,-3.798,2.629,-1.866,0.472,4.68,-3.251,3.056,3618.57,0
76525,4.438,error,1.234,-0.262,-0.708,-2.467,-0.753,-2.684,4.237,2.438,3650.86,0
172097,-2.429,0.465,-1.559,3.227,-0.049,2.607,0.658,-1.015,2.424,1.765,2196.68,0
99605,1.14,-4.157,-1.124,-4.817,-2.015,-0.874,-0.75,0.317,-4.172,-3.055,4685.13,0
57662,4.982,-1.249,3.29,2.072,-1.838,3.13,0.752,3.67,-3.261,-1.778,4688.44,0
25334,-0.073,3.984,2.553,3.84,-4.147,2.627,0.484,-2.816,-2.98,-0.465,2143.15,0
103343,-3.07,-2.14,-3.095,1.063,-2.805,-0.774,1.736,-2.73,-3.66,-3.066,2180.89,0
45857,-4.251,-1.505,1.633,3.96,2.929,4.764,2.741,-3.48,2.751,1.397,4831.81,0
70894,1.104,-4.121,-3.63,-2.413,-1.362,0.533,1.007,-3.107,-4.548,1.701,2754.66,0
137967,3.887,-3.564,3.765,-1.744,-1.551,0.358,-4.745,4.761,4.297,-1.857,2208.76,0
170903,-3.117,-3.483,-3.775,-1.823,0.875,4.926,2.913,-4.395,-3.308,-0.563,4866.52,0
111834,4.12,-4.655,-3.791,-2.809,1.874,-2.525,-2.716,-4.8,-1,2.066,3227.67,1
58479,-1.706,0.784,-4.074,4.46,3.853,-4.501,2.988,3.021,-2.005,-2.352,2593.57,0
29943,0.072,2.206,3.336,1.64,-4.695,-3.112,-0.865,0.815,-0.021,-4.328,1249.41,0
121339,4.498,2.378,4.625,2.208,-4.077,-0.737,-4.981,-1.8,-3.856,4.521,3169,0
28710,-4.675,-1.25,0.046,1.331,-1.122,-3.712,4.725,-4.126,-4.465,-3.84,1582.75,0
156516,-4.561,3.036,-0.496,2.665,-4.191,4.389,2.65,-2.088,-2.942,4.132,4560.82,0
146054,,-1.476,-3.34,-1.654,4.47,-4.663,-3.857,4.081,-4.379,3.906,2857.67,0
31757,-0.633,-1.955,2.732,4.387,0.929,3.278,-1.78,-2.207,0.507,-2.658,3226.41,0
112956,,-3.96,2.225,-3.684,-3.639,0.428,0.304,-1.121,3.614,0.283,87.6,0
65001,2.324,1.499,-1.096,0.113,0.791,-3.36,3.773,-0.52,3.553,3.253,3844.42,0
136123,-3.455,0.108,1.865,-3.05,-1.058,2.266,2.223,1.618,-0.652,-1.769,4746.68,0
75592,-4.849,-0.965,-4.546,-3.881,1.81,1.784,1.09,-3.774,2.498,1.729,4672.92,0
169160,1.566,-3.963,-4.555,1.318,-1.835,-2.221,-3.961,-0.437,-2.94,1.244,4093.14,0
127384,-0.525,1.435,3.54,-2.154,-4.515,4.259,4.301,1.2,-1.554,1.479,631.71,0
149132,3.34,1.363,1.295,2.992,2.857,-0.588,-0.876,4.384,2.279,1.402,4536.17,0
21375,3.664,3.6,-3.368,-3.579,2.677,-3.643,0.206,-2.138,-0.822,1.806,4831.69,0
40979,-1.215,-3.887,2.252,-0.372,-0.791,3.509,-4.291,-1.409,3.877,-2.141,2275.54,0
54801,3.807,2.194,3.315,-0.645,0.256,-4.438,-0.024,-1.2,-3.225,0.608,904.29,0
17946,3.263,-0.34,2.123,-4.552,1.087,2.797,-2.824,0.073,0.789,-0.471,4392.1,0
168187,-3.855,4.561,-3.401,-0.598,4.755,-0.919,0.331,4.551,0.897,0.728,4248.3,1
4823,0.322,-0.815,-2.466,-4.106,1.287,-4.879,3.753,-4.543,-4.158,-0.985,352.34,0
128374,-0.909,4.323,2.029,-4.489,-0.449,3.857,-4.846,-4.684,-4.308,-0.327,1288.94,0
77175,3.466,-2.855,-2.92,1.641,-3.329,0.907,-1.125,1.936,-4.467,3.144,1111.03,0
26822,3.224,-0.692,2.263,-2.824,-3.308,-0.862,2.015,1.079,4.803,2.489,1827.99,0
1341,,-2.278,3.208,1.201,-2.58,-0.528,-2.701,-4.394,-0.332,3.729,4061.36,1
79240,-3.431,-1.417,1,1.017,3.554,-2.189,-0.447,1.048,1.366,-1.557,4441.63,0
114541,-2.523,-3.851,3.551,-0.566,-1.44,0.543,4.038,4.193,-1.529,2.89,3051.96,0
153018,0.457,-3.352,2.878,1.498,0.057,-4.76,4.914,3.696,-1.954,1.468,686.65,0
779,-4.97,-1.062,-2.097,-4.222,0.887,-4.287,4.754,3.477,2.474,-0.514,4793.51,0
73672,-1.378,-0.123,-0.374,1.04,4.484,4.395,4.693,-3.011,-0.917,-0.904,930.05,0
153701,0.903,2.025,4.592,-0.376,4.87,-3.727,-0.284,-3.933,2.193,-0.332,1198.68,0
110336,1.023,1.541,-2.235,0.032,2.611,3.728,4.131,2.828,-4.284,-2.611,4306.65,0
93657,4.868,3.867,4.457,4.301,1.972,-1.521,-2.934,4.687,3.548,-0.419,4385.02,0
142481,-1.832,2.66,-3.08,0.923,1.518,3.964,-4.463,1.008,2.654,-2.289,4034.7,0
44728,2.477,-4.145,4.91,-2.689,4.183,-3.8,0.641,-2.214,4.399,-4.17,418.62,0
22395,,-4.394,-2.804,1.478,0.959,0.808,4.248,-2.459,3.22,-4.269,4250.26,0
65853,0.479,-2.562,3.168,-3.304,1.047,2.58,-3.786,-0.435,-4.279,2.272,1375.32,0
96287,1.156,2.557,-4.281,4.983,4.475,-4.013,-4.744,-2.503,-0.601,3.796,?,0
83452,1.328,-0.023,-4.849,-3.818,-0.527,4.843,2.568,1.523,-4.648,-1.347,3009.83,0
15089,-4.377,4.073,1.383,-2.933,0.93,-0.562,-2.292,4.145,-0.465,-3.82,4836.71,0
115070,-2.523,1.802,-2.788,-1.272,-2.786,-4.356,0.932,2.096,3.135,-3.123,916.42,0
143045,3.876,2.187,2.41,3.358,2.613,-4.138,-0.185,2.035,0.047,-4.337,2148.33,0
134876,0.168,-2.21,0.956,-1.335,-3.474,0.118,2.609,0.097,1.941,4.026,3909.88,0
164986,-0.362,-4.45,-3.42,4.893,0.605,0.751,-2.935,1.541,3.487,-0.219,1503.92,0
117952,2.517,1.409,-0.523,2.269,-2.571,-4.254,4.705,2.512,1.372,-0.479,2748.64,0
138547,-2.228,4.331,2.163,4.117,2.74,-1.129,-0.981,2.141,0.824,0.807,4844.81,0
20422,-4.439,0.424,4.856,4.603,2.677,4.682,1.645,-3.426,-1.37,4.163,4824.4,0
54682,,1.567,-4.858,-4.082,2.28,0.55,-2.739,-0.239,2.502,-3.68,4959.21,0
25257,,-1.994,-0.875,-4.508,-4.407,3.033,-3.189,-0.76,2.864,-1.626,3540.16,0
151330,-0.856,-3.617,-2.941,-3.881,2.458,-1.495,0.828,-4.584,-4.573,-1.513,3340.49,0
95667,2.276,-1.144,4.572,-0.599,1.547,-3.488,-2.273,0.399,-0.222,-3.236,4203.34,0
103606,-0.151,-4.297,-3.172,4.082,4.756,-1.81,4.072,3.641,0.269,2.512,4565.16,1
141551,-2.046,1.301,4.227,0.621,-4.882,4.698,-3.698,1.387,-2.058,2.57,2970.66,0
162754,3.898,0.834,1.33,0.062,-1.147,-1.448,3.517,1.436,-1.073,-2.041,3028.37,0
137154,,4.836,-2.727,4.523,1.956,-2.097,0.74,0.001,3.856,3.058,2265.25,0
49629,-0.34,-2.181,3.451,-3.299,2.314,-0.391,0.682,-3.072,-0.836,-1.201,3067.98,0
60987,0.099,-0.356,4.779,-2.458,-2.905,-4.956,1.383,-1.35,-0.04,-4.384,2835.17,0
135353,-2.276,-1.023,0.346,-0.856,-3.981,-2.239,-4.472,1.548,1.656,2.821,3637.38,0
82367,-3.316,-0.98,-1.511,0.722,-3.185,3.76,-2.253,-4.844,0.78,4.077,4582.87,0
151317,-0.969,3.487,-3.923,-1.093,-3.411,-0.998,1.472,4.868,3.456,0.024,140.37,0
146411,-0.286,2.357,-3.08,-1.439,-0.149,0.363,-3.813,1.948,0.483,-4.947,926.21,0
73539,-3.967,4.324,1.017,-2.072,-4.358,3.983,-0.412,2.28,-3.887,0.475,1012.94,0
61086,-1.124,0.785,1.277,-0.517,-4.44,-2.523,3.569,2.165,-1.742,-4.596,4241.75,0
65894,0.023,-0.85,-3.667,-2.981,-2.186,-3.842,-4.779,-1.872,-4.725,-2.564,2139.23,0
135066,-4.224,-4.924,-3.028,-3.404,-4.287,-3.795,-0.122,-0.565,1.458,2.858,690.39,0
145952,4.108,2.065,-0.388,2.994,-0.909,-0.135,2.22,-3.373,-1.925,0.621,2036.31,0
67333,-1.117,-0.154,-0.764,0.802,-4.182,-1.532,-0.265,-0.156,2.688,-1.228,?,0
70558,-2.158,-3.656,-1.615,3.621,-0.336,-4.791,-1.859,2.799,-3.946,-0.918,4006.07,0
30722,2.79,-2.727,3.427,-3.681,-3.319,3.308,-2.397,-0.102,4.805,2.981,4516.58,0
93538,-4.271,4.177,1.303,4.479,0.086,2.968,3.252,2.542,-1.893,3.827,4410.16,0
150288,3.231,0.975,-4.707,0.227,1.864,-4.475,-3.046,-2.992,-1.815,-4.784,1305.19,1
105959,-4.417,3.192,1.405,4.194,0.266,-4.677,-1.241,2.309,3.357,-3.168,2960.42,0
139946,3.258,error,-4.588,4.866,4.057,3.89,2.595,-1.785,4.551,4.765,3833.1,0
148415,-2.829,2.555,-1.611,2.087,-4.799,1.506,-4.249,-2.278,0.856,2.516,1411.29,0
5799,2.169,-1.878,2.975,3.392,-3.206,3.496,-4.929,0.704,-0.488,-2.589,2403.74,0
11874,-0.83,-0.409,4.59,-4.507,-0.643,1.311,-3.062,3.278,0.859,-3.406,4471.7,0
160380,4.206,1.013,2.104,2.252,2.277,-0.116,4.311,1.393,0.444,3.361,3593.71,0
99701,-4.756,1.194,-0.462,-4.904,-1.139,1.882,1.156,-0.68,-1.885,-0.152,4211.82,0
102197,-3.473,3.14,-3.51,2.454,-3.249,0.773,-1.082,-1.063,-0.091,-4.813,1567.81,0
131397,0.66,-3.65,1.9,-1.899,-4.421,1.71,-3.131,-0.624,-2.285,3.834,2774.76,0
102026,0.974,-0.107,0.415,-3.244,-4.906,4.767,1.766,3.04,-0.074,3.386,2133.81,0
14392,0.893,4.361,4.52,-4.643,0.663,3.949,2.982,-3.973,-1.21,-0.359,4047.16,0
137637,-0.048,0.706,4.903,4.689,-4.361,0.028,-2.728,0.172,-4.872,3.904,306.25,0
130970,-0.909,-0.298,-1.46,0.531,2.096,2.697,2.527,-1.174,1.903,-1.232,306.76,0
63975,-2.312,-0.284,-3.062,4.761,0.742,-1.634,-0.051,2.328,3.724,-4.246,458.06,0
10785,3.421,4.449,1.074,2.189,1.002,-1.409,0.284,-2.611,-0.301,3.785,2130.13,0
62277,-4.699,-0.131,-3.806,-0.515,-1.17,2.223,-4.091,-3.02,-0.02,-0.415,3326.67,0
27233,2.428,4.586,0.792,2.447,-2.666,0.352,2.14,-1.111,-4.482,0.447,2367.91,0
66781,-4.458,2.795,2.839,-2.977,3.487,4.511,-4.714,-4.094,-3.95,-4.871,95.74,0
152275,3.771,-2.598,-3.545,2.783,-4.896,-4.012,3.14,-2.566,2.874,0.724,2448.79,0
21510,1.176,1.47,-0.121,4.189,3.227,-0.359,-2.293,3.676,4.524,4.247,391.22,0
43693,4.506,0.745,-4.708,0.288,-3.278,3.16,-3.45,-4.371,-1.219,0.443,2045.17,0
30001,4.108,3.115,4.843,-1.346,-1.349,0.729,-1.985,2.477,-2.456,-0.442,2045.79,0
101961,0.058,-2.519,4.807,-4.13,4.864,1.609,1.957,-4.412,0.142,4.113,2458.77,0
49863,-0.664,-2.497,-2.725,4.397,-2.748,-1.836,3.019,0.61,1.367,-3.583,4390.44,0
130483,-2.079,-0.687,1.308,2.862,-4.133,1.853,-4.858,-4.741,-1.629,2.046,232,1
65938,4.11,-0.879,-3.974,2.88,1.172,-3.892,-4.407,1.371,3.2,0.529,265.43,0
111165,-0.411,4.261,3.623,-2.156,-2.77,4.205,-4.649,-3.935,-2.166,-0.704,1994.13,0
82923,-0.353,-1.556,-2.809,1.281,-4.777,4.609,1.052,0.248,-0.692,4.878,79.79,1
63771,2.843,3.71,-4.308,-1.57,1.231,-4.793,2.878,-1.83,4.227,4.313,3306.59,0
52989,3.651,-3.882,1.919,-3.124,-4.993,-2.625,2.643,1.364,-1.648,3.686,1873.39,0
76251,-3.21,-0.176,-0.045,1.281,-0.994,1.421,-0.977,-4.59,2.273,2.364,284.12,0
1441,-0.492,-1.394,-2.803,-0.961,-1.04,0.901,-0.487,2.576,-2.398,1.55,1379.86,0
116272,-1.721,-0.677,3.746,3.403,-4.555,1.096,-3.614,2.846,-0.791,-1.17,1962.1,0
64559,,-3.795,-0.745,-0.296,-1.79,-0.552,4.118,3.167,-3.026,2.751,2296.26,0
20225,-3.512,4.422,-0.237,-1.704,-2.679,-1.972,4.373,0.162,1.286,2.942,2574.68,0
43562,-0.478,-4.219,-4.478,-2.012,3.439,2.472,-0.012,2.588,3.131,2.314,799.24,0
1078,0.095,1.98,4.562,-4.086,-2.39,-1.441,4.294,4.621,4.515,-4.179,1431.25,0
31777,0.03,1.374,0.309,-2.647,-2.184,2.666,1.332,3.537,-3.865,4.986,2768.01,0
73558,3.894,0.076,-1.357,4.916,-2.582,-3.936,0.417,4.448,2.718,-3.745,2112.75,0
63092,-4.874,3.508,-4.838,2.324,-4.515,4.13,1.561,2.945,-1.978,3.088,2187.46,0
102710,0.569,1.045,-3.2,0.149,-4.665,-4.477,1.42,3.791,3.567,0.855,1635.73,0
98175,2.14,4.195,1.732,4.017,2.23,3.523,2.891,-3.044,2.673,0.056,2287.3,0
46568,0.736,4.624,-3.654,4.354,-1.693,2.612,2.082,0.601,-3.806,2.417,2424.34,0
121069,-0.04,1.196,-0.004,3.374,-0.164,3.94,-4.128,-0.302,4.224,3.495,1603.05,0
46332,-0.226,-4.065,-1.1,-1.204,-3.337,-3.75,3.478,2.998,4.702,2.213,1128.34,0
93219,-3.355,-1.083,1.236,0.688,-2.228,-2.73,1.129,2.419,2.586,-4.735,1452.84,0
133764,-4.155,-0.146,-1.883,-4.306,-3.895,-2.393,2.45,-0.885,1.06,-3.101,3085.91,0
67814,-2.323,0.152,-3.621,0.089,-2.547,-4.313,-4.169,4.894,-1.089,0.025,1324.04,0
64215,-1.049,0.246,-4.358,-3.288,2.469,-1.425,3.5,-2.83,0.673,1.388,1827.92,0
29620,-3.159,0.455,-3.05,-3.054,1.447,-3.262,-3.423,-1.359,-2.944,-2.03,884.71,0
43293,-2.932,-1.637,-1.459,-2.397,-1.891,-1.722,-1.034,4.861,-4.135,-0.073,?,0
4211,,0.712,-2.976,-4.204,0.454,1.035,0.371,3.113,-1.033,-2.07,1801.93,0
128880,-2.464,error,-0.064,2.155,2.105,-0.403,-3.369,4.718,3.785,-0.657,2018.81,0
101965,-2.175,1.955,1.303,2.296,-2.143,2.25,-3.442,-3.054,4.595,-3.334,1364.13,0
158223,1.488,-3.033,0.856,-0.06,4.792,-3.386,-1.389,-2.208,-0.087,4.276,666.95,0
66966,-3.447,-4.229,2.069,0.654,-4.431,-0.472,-4.414,-2.733,-0.873,0.502,4629.23,0
50703,-1.346,0.995,-4.285,3.327,-1.542,4.815,-4.623,0.742,-0.12,4.135,2680.61,0
66754,1.284,-4.829,-1.788,-4.923,0.105,-2.008,-0.92,0.141,0.507,-0.376,3235.08,0
14301,-3.673,1.571,-1.109,0.905,-3.896,-1.805,3.783,1.703,3.247,0.656,4010.44,0
30167,3.806,0.668,-3.213,-0.359,-4.352,0.925,2.524,2.033,-4.801,4.894,807.66,0
89268,-2.706,1.533,-4.321,-2.925,4.206,3.456,-1.789,4.375,1.466,4.939,2076.91,0
166396,-2.836,-0.139,4.203,3.948,3.747,4.569,-3.996,-4.07,0.511,4.093,1957.3,0
55419,-2.156,1.58,2.854,-4.081,-0.094,-0.373,1.133,-1.654,1.798,3.161,2487.7,0
118505,4.86,-3.19,-2.447,2.734,-2.191,-0.349,-0.766,0.454,-0.433,0.729,2136.34,0
27761,-3.851,-4.808,2.31,-3.505,-3.849,-0.832,-0.31,-1.165,-2.587,-0.841,618.48,0
148669,3.869,3.479,0.628,2.816,3.702,4.84,3.833,0.699,3.999,-1.285,1610.09,0
112872,-1.215,4.843,-2.403,-4.986,-1.309,-0.898,-4.539,-1.294,1.252,2.681,2947.49,0
52121,-3.18,-3.886,2.141,-0.122,0.442,-2.847,-0.018,1.953,4.448,1.242,2244.58,0
317,4.552,1.66,-4.967,-4.001,-1.908,-4.846,-3.381,-3.591,-1.137,4.146,4540.15,1
51935,-0.915,1.291,0.63,1.806,-1.211,-3.095,-1.844,-1.469,3.186,4.77,4174.07,0
148807,1.915,3.133,-3.125,2.838,0.478,-2.927,-2.045,1.943,-4.61,-0.51,?,0
129613,1.914,2.851,-0.775,-0.642,1.417,-4.556,-1.296,4.478,-0.506,-1.012,4519.83,0
93235,-4.18,-0.056,2.521,-3.62,3.085,-2.818,-3.542,4.896,-0.652,-3.098,1490.07,0
143681,3.389,3.079,0.07,-3.126,4.817,-3.375,4.322,4.512,4.009,1.205,4348.03,0
5628,-1.057,-3.128,-3.485,-1.537,-3.325,3.368,-4.893,0.435,1.541,0.28,2315.19,0
9716,-3.514,4.359,1.61,3.839,3.334,-0.716,-2.354,-2.994,3.892,-1.217,840.48,0
19708,3.711,-3.989,-3.44,-4.315,-2.539,3.46,4.024,1.039,2.93,2.652,4037.08,0
99,-0.183,0.02,3.008,-4.198,0.851,2.084,-1.308,0.431,-1.591,-3.015,4506.19,0
74293,3.683,3.526,-0.28,-0.551,4.249,2.502,-1.968,4.039,2.037,-2.23,4305.38,0
169722,-4.719,2.092,4.272,-3.642,-4.171,1.619,0.081,1.98,-1.433,-4.362,218.71,0
6919,-0.431,-2.684,-0.58,3.101,1.589,-0.245,-1.785,-2.486,-1.066,-3.131,3319.17,0
85017,-0.681,4.927,2.492,4.402,4.59,-4.782,3.217,4.776,-3.397,3.004,4888.82,0
144876,,0.802,2.651,3.029,-2.973,-3.106,-3.231,2.496,-0.182,1.532,2316.47,0
3440,0.555,2.345,3.995,2.623,3.31,-3.889,2.514,4.826,-3.471,4.984,1515.19,0
104825,2.555,4.284,-2.305,3.694,2.738,1.56,-2.043,0.291,1.259,-2.243,1130.63,0
38374,3.888,-2.719,1.666,1.331,0.293,-2.813,-2.006,4.321,3.957,3.036,1908,0
84197,-4.307,2.383,2.355,-2.164,-3.22,1.928,0.141,-4.134,-0.871,2.916,2414.38,0
111331,-2.803,2.092,0.771,-4.567,-1.1,-2.631,-1.53,1.46,1.879,1.661,1524.36,0
55562,-1.591,1.568,-2.571,-3.492,-1.043,-3.102,4.962,1.988,1.473,0.492,2165.3,0
171418,3.889,2.397,-2.742,4.468,-0.162,-2.644,2.721,3.297,0.309,0.954,2780.74,0
53029,-1.635,4.708,-2.179,-4.212,-4.728,1.808,-0.1,-2.799,1.168,-4.727,4868.7,0
60209,-3.251,-0.028,2.542,0.335,-4.332,0.861,-2.393,3.929,0.407,-3.621,1611.98,0
17901,0.069,1.65,4.274,-2.205,-0.65,4.191,3.26,4.265,-0.382,3.704,3311.35,0
115283,-2.892,-0.811,-4.866,4.766,-1.575,4.589,-3.76,4.227,-2.725,-2.704,4488.49,0
77878,-3.008,-3.547,-2.399,1.498,-0.242,-1.653,-4.486,4.84,-2.786,2.393,?,0
134303,-3.582,-3.638,1.565,-3.693,4.509,-3.891,-1.199,1.879,0.373,4.148,2464.81,0
122274,-4.966,1.881,-4.321,1.299,-0.499,-3.571,0.944,4.444,-3.711,3.985,3354.46,0
72637,-0.08,-1.033,1.118,-2.811,1.574,0.639,1.983,-4.595,-0.988,3.586,4015.25,0
154974,0.834,1.286,2.933,-2.297,-2.409,4.153,3.528,-0.917,-0.627,-0.659,76.08,0
96302,-4.177,1.532,2.685,1.011,-3.196,-1.6,-4.466,2.579,-2.658,4.618,1283.73,0
47103,4.6,0.374,4.367,2.791,1.929,-1.697,3.761,-4.57,-3.636,-3.828,3940.78,0
49571,4.949,2.473,-3.092,-4.698,-4.289,-2.985,-3.084,1.205,-0.014,-0.728,1814.87,0
8654,2.423,3.366,1.081,-0.943,1.401,-2.669,1.821,-2.778,-4.075,-3.549,2616.68,0
154621,-0.214,2.641,2.257,1.414,-2.905,3.469,1.575,-0.147,1.48,-0.394,3870.05,0
142178,-0.946,-3.818,-0.103,-3.566,-4.136,-4.484,-2.719,2.29,-0.862,-1.818,664.89,0
46507,4.016,-4.619,0.87,3.272,-3.491,-4.725,4.08,-4.946,2.436,0.403,2547.92,0
170702,-3.677,-1.958,-3.274,0.853,2.011,-1.837,3.546,0.402,3.471,-2.145,157,0
144350,-0.551,3.693,-4.195,-0.127,1.729,3.358,1.255,-3.594,1.42,-4.34,177.73,0
112644,-4.837,2.734,1.758,-0.248,-3.024,2.609,-4.799,2.309,-0.826,2.466,1665.18,0
15533,-2.896,-2.558,-1.234,-4.068,4.375,2.612,1.352,4.499,-2.737,1.502,471.13,0
97931,4.789,2.807,1.719,1.526,3.294,-0.128,1.777,3.512,1.169,-4.188,3428.2,0
26192,4.993,1.862,-4.11,4.953,3.667,-2.657,-1.284,3.864,4.011,-2.341,4224.13,0
164867,4.879,2.638,-4.228,-1.109,-2.386,0.26,-3.448,1.095,0.986,4.143,4027.09,0
6581,-2.555,3.282,-0.458,3.54,-4.363,4.537,-1.893,1.069,-4.492,-1.15,3439.52,0
104767,2.734,4.911,1.601,0.494,-0.799,-3.912,1.802,-2.905,4.577,4.917,897.31,0
144232,0.919,1.716,-4.708,-3.586,0.252,0.898,-3.744,-2.073,-2.799,0.06,3340.79,0
9615,-1.584,-0.516,-4.866,-4.578,-4.544,3.935,0.747,-0.844,-4.294,0.495,1122.73,0
124727,-3.507,2.951,-0.656,4.35,-4.305,-1.542,2.018,4.513,-3.928,4.304,2539.36,0
93839,-1.461,0.373,-2.151,-1.561,-2.781,4.87,1.363,-0.011,0.081,-0.424,3104.84,0
46087,-4.112,-1.164,0.219,1.627,-4.892,0.08,0.716,3.827,3.42,-2.24,4496.28,0
25560,1.061,-1.49,-0.982,1.225,2.469,-3.533,-4.764,-4.728,0.305,0.155,2122.81,0
137298,-0.684,-1.403,-0.879,4.288,-0.146,3.479,-1.161,-0.513,2.012,-1.451,970.96,0
33194,-3.525,0.396,2.845,2.771,1.865,1.335,-1.656,2.734,-3.722,-4.137,3524.58,0
49303,4.115,-3.835,4.633,3.199,3.593,-4.361,2.459,3.861,0.509,-3.312,3066.29,0
53123,1.103,-3.907,-3.517,3.151,3.079,-1.922,1.841,-4.267,-0.006,-2.096,4138.24,0
52608,2.68,-2.65,-4.962,-1.894,-2.331,-2.913,-0.878,-3.124,-1.47,2.578,632.45,0
169071,3.189,-4.349,2.747,0.324,3.579,-4.732,2.11,1.32,-2.229,-3.385,707.33,0
105976,1.974,4.755,-0.745,0.747,-3.902,-1.709,-2.249,3.076,-1.038,-2.591,1652.64,0
155029,-4.313,-3.292,-2.605,-2.553,-4.037,2.962,2.814,1.032,-1.511,3.93,4550.9,0
129746,-2.272,-3.171,2.616,2.851,1.931,0.439,-3.826,-2.692,4.21,1.11,252.26,0
135701,-0.63,1.44,0.565,-3.377,0.383,-0.995,3.084,0.817,-4.393,0.891,4843.13,0
11040,-1.393,4.74,0.777,-1.672,2.026,-4.425,4.752,1.664,-1.719,1.967,4523.91,0
107784,4.413,-3.211,1.713,4.578,-4.909,-2.583,1.048,1.815,0.176,-1.122,2824.38,0
53968,-4.728,2.945,-0.649,-1.462,-2.308,3.031,-3.389,-4.581,-1.348,-0.668,1554.19,0
127231,2.054,-3.84,-1.453,4.358,-1.033,0.164,0.423,-1.51,-1.385,-2.244,2316.47,0
152991,3.907,4.801,-4.401,-3.098,0.833,2.499,-2.548,0.238,-3.594,2.279,2283.57,0
21274,3.195,4.367,-0.789,1.038,1.241,-1.466,4.78,1.302,0.782,2.673,4347,0
107713,-0.502,1.999,-4.025,1.398,-0.889,1.427,3.881,0.771,2.087,-1.968,1696.83,0
357,0.415,-2.315,-2.642,-1.381,3.106,2.079,1.215,-3.541,3.445,3.195,4081.64,0
24895,-0.928,error,-3.237,-0.072,-1.847,2.842,4.068,1.548,-0.591,-4.803,1861.35,0
29617,0.168,0.494,-1.761,0.366,-1.996,3.996,3.118,4.454,1.05,0.86,3688.45,0
122474,3.814,-4.786,1.045,3.544,-0.285,1.618,4.894,-1.613,4.985,-1.39,602.65,0
100728,0.136,4.245,3.604,-2.006,4.967,0.746,1.486,2.371,-0.262,-2.582,1105.16,0
133916,-0.837,-1.337,-3.701,1.268,-2.285,-4.893,4.83,-2.067,0.261,-2.762,1953.96,0
15440,-2.9,3.519,-1.701,1.008,1.575,4.828,2.932,2.386,-1.385,3.473,2462.14,0
118372,4.945,-4.871,0.698,0.489,4.338,-0.309,-1.071,0.664,2.365,-0.585,1763.93,0
61187,0.582,-1.489,-0.703,-2.756,3.871,3.223,1.976,2.881,-0.459,1.643,2883.99,0
32898,-1.044,2.241,-3.754,-1.51,3.752,-1.829,-4.453,-4.86,-3.329,-2.125,2720.46,0
65115,3.55,-1.068,-2.505,0.608,-1.844,-4.96,-4.92,-3.339,4.921,4.325,1403.53,0
96369,1.547,-3.752,4.181,0.037,-4.374,-0.111,-2.86,-0.71,-4.463,-2.38,2519.04,0
163925,-1.093,0.359,-2.065,0.102,-1.335,-2.725,2.19,2.807,-2.014,-1.951,4094.77,0
117375,-3.423,4.564,2.841,4.983,4.712,0.041,-4.312,1.971,-1.036,-1.751,2404.28,0
125188,1.352,-0.883,4.914,-1.652,-4.431,-1.547,-2.242,2.458,-0.853,2.769,1395.09,0
148927,2.601,2.695,0.448,4.157,-2.575,-4.411,3.762,3.458,-4.469,3.595,3049.56,0
86284,0.089,3.418,3.264,-2.5,-3.786,-3.077,3.951,2.187,-2.45,2.672,433.95,0
99882,-4.797,0.273,-0.178,-0.123,2.73,-0.829,3.89,-4.617,-1.629,-3.329,1322.01,0
80569,2.45,4.588,-4.176,1.343,-3.475,1.42,1.69,-3.014,-4.262,4.345,1249.72,0
64510,-1.115,-0.918,4.395,-1.543,4.393,4.587,4.451,3.167,0.199,2.725,3095.91,0
30429,-4.401,4.278,-4.187,-1.565,0.486,-1.656,-0.038,1.88,-4.948,-0.512,3198.19,0
88893,1.006,-2.984,1.004,3.648,1.469,0.009,-3.471,-1.665,-1.763,-2.676,1662.55,0
160343,2.352,-3.956,-0.056,-0.338,1.908,-2.481,-1.293,-1.03,3.501,-0.518,3160.06,0
57139,-2.084,-0.988,2.384,3.048,3.814,-3.953,-4.227,1.821,-0.351,4.126,475.3,0
1731,-3.307,-4.736,-3.877,4.566,-3.211,0.229,-4.194,-3.177,4.534,-0.853,369.61,0
152168,1.261,0.015,-3.372,-3.763,-3.666,0.327,-2.455,2.072,-0.249,0.501,4207.35,0
100247,4.407,-2.879,4.504,0.571,0.26,4.376,-2.635,-2.675,-0.581,-3.071,1770.53,0
117805,-1.212,2.14,2.519,-2.22,-0.744,-4.586,4.401,2.208,-2.579,2.811,2017.57,0
159013,3.809,3.149,-1.864,3.46,-1.385,3.571,-3.14,3.785,3.149,-3.805,1196.61,1
161493,-1.026,-2.172,0.681,0.029,1.242,2.954,-3.484,-2.51,-4.152,0.194,4333.34,0
3558,-2.258,2.213,-3.757,3.921,-1.219,1.141,-2.228,1.09,1.328,4.438,2326.77,0
104404,-3.795,0.823,2.465,2.575,-2.578,-1.893,-4.87,-0.775,3.424,-2.164,4088.58,0
103789,4.3,0.549,4.665,0.937,-2.919,4.04,2.312,0.601,-3.703,3.507,1015.33,0
125326,-1.561,-3.6,-3.498,-1.851,2.352,-2.029,-2.666,2.862,-3.229,-2.476,265.45,0
41952,1.507,4.742,-3.604,3.09,-3.689,1.027,-2.547,4.5,0.404,-4.702,1483.79,0
172004,-0.089,1.315,3.728,-4.775,-3.592,2.316,0.953,-4.408,1.161,3.188,885.7,0
131348,-4.481,-0.216,-0.288,-4.891,-0.541,2.276,0.414,2.001,1.83,-1.675,4511.38,0
129593,1.693,-4.617,0.115,-1.064,-3.574,-4.356,2.914,-2.818,2.412,3.983,1488.65,0
125509,4.484,-4.738,4.351,-4.238,-3.445,-3.343,-3.12,-0.066,1.971,1.665,2129.36,0
140596,-0.744,4.995,-0.958,0.878,-2.647,-3.063,0.334,-1.178,3.243,-2.861,4472.11,0
35221,4.083,4.832,-2.683,2.268,3.92,-3.253,-2.306,-3.127,-4.381,1.548,4816.52,0
98143,1.566,-2.539,-1.703,2.724,0.196,0.402,-2.84,4.611,4.55,-4.547,4255.62,0
112862,0.018,0.526,-4.706,-0.241,0.631,-0.362,3.284,-0.023,-4.291,3.066,1247.62,0
53165,-4.923,-2.011,1.177,0.059,-0.078,2.953,-0.387,4.867,-0.093,-4.448,3182.15,0
41146,-3.038,-0.664,1.956,0.325,0.816,-3.842,1.371,-3.818,0.57,1.379,3844.85,0
67424,-4.193,0.723,-1.278,-0.828,1.359,-1.759,-0.216,1.462,2.677,1.164,1025.77,0
127699,-0.645,1.667,-0.706,1.554,-0.927,3.832,1.089,-1.044,3.027,-4.672,3287.87,0
123860,-4.563,0.324,2.365,1.625,0.222,-3.032,-2.479,0.859,-2.738,0.326,4778.95,0
59963,-1.903,-4.396,3.926,-0.99,0.128,0.913,-4.333,-0.653,4.975,2.607,3769.73,0
104190,2.187,-4.567,-4.657,2.13,2.974,-1.37,-0.519,-0.618,-0.963,0.397,6.49,0
47795,4.955,-1.839,-2.867,3.243,3.283,2.833,0.189,0.945,3.918,-4.493,4247.53,0
24011,-1.689,3.277,2.896,2.427,-2.654,-0.215,-3.699,1.476,-3.056,-0.655,1386.17,0
18669,-3.222,-4.547,3.229,-3.744,-1.188,1.641,-1.218,3.499,2.05,-4.513,2897.71,0
86290,2.301,-0.288,3.632,0.121,-1.907,-3.008,3.584,-2.372,2.207,-1.378,1003.95,0
5515,-4.195,-2.436,1.049,1.917,4.094,2.394,-0.882,-3.698,-4.364,0.958,1295.66,0
115535,4.653,4.271,2.017,0.19,-1.308,-1.257,-4.249,0.007,4.794,-3.491,4174.36,0
129806,2.577,-1.954,-0.362,-0.445,0.018,4.889,-4.483,0.736,3.255,1.219,?,0
69657,2.945,-3.072,-0.531,-3.62,0.269,-2.377,-2.292,-2.841,-2.127,4.853,1661.94,0
117265,3.756,3.205,-0.489,1.266,-3.029,1.977,-2.71,-2.754,4.873,-1.723,2425.25,0
45838,1.943,-0.502,0.75,-3.17,-1.431,-1.831,-1.447,-4.633,1.721,3.86,3754.62,0
25636,1.52,3.511,-3.04,1.618,3.089,-3.588,-2.596,1.877,-1.532,1.615,999.04,0
24239,-0.133,4.384,-3.154,-0.627,-2.566,-4.593,-1.347,-3.252,0.479,1.506,3211.28,0
152246,,1.352,-0.349,-2.339,4.266,-4.542,0.922,-0.599,4.311,-2.318,1542.52,0
77819,-2.436,0.544,-3.437,2.267,0.555,2.324,-1.598,-3.63,2.276,-2.216,3198.4,0
37368,3.544,-2.546,-4.039,-1.141,-0.392,-3.763,-4.019,-4.078,4.271,3.179,521.35,0
106884,-0.37,3.335,-2.962,-0.976,-3.832,-4.733,2.979,0.991,-0.041,-2.325,4255.05,0
40307,1.671,1.692,0.642,3.438,1.441,-3.313,1.363,0.318,-2.444,-2.48,2173.49,0
101195,-3.763,-4.493,4.653,0.375,1.569,-2.461,-0.175,1.791,-0.005,2.665,3428.42,0
96518,-3.924,-0.158,3.173,-1.034,-3.312,-0.145,1.653,-4.974,-4.595,2.724,1814.09,0
33213,-1.445,-1.695,-0.248,-2.333,0.582,1.892,3.446,-0.633,1.351,3.534,852.43,0
154053,-3.312,-3.858,-3.039,4.492,-2.46,0.005,-4.947,0.925,-3.111,-0.562,140.18,0
156054,-4.583,4.654,2.325,4.845,1.744,3.234,1.963,-4.035,1.496,-4.102,1395.35,0
127997,0.543,-4.823,-0.214,-2.658,-0.64,0.054,0.695,-4.591,-0.601,0.64,2735.91,0
37588,-3.002,-2.899,4.153,2.516,4.221,-2.616,0.337,2.711,-3.145,4.147,1924.3,0
113295,-0.337,-3.527,-0.417,-3.546,4.651,-0.798,1.01,4.818,0.427,4.53,1985.86,0
105909,-1.559,0.009,1.276,-0.061,2.218,3.56,-1.798,-2.885,0.932,4.231,2874.78,0
128321,-2.105,2.108,-1.128,3.456,4.695,-0.665,-2.643,-4.209,-2.407,-2.422,647.56,0
146682,4.685,-0.786,4.862,-0.586,-1.996,-0.1,1.676,4.797,-4.325,0.389,3021.97,0
112148,-1.896,2.037,4.915,3.11,0.665,-0.451,-4.688,4.639,-2.208,-3.965,4321.73,0
102047,3.456,1.345,-2.916,-0.182,2.731,0.118,-4.022,-3.04,-0.582,-2.88,1271.04,0
155924,-1.815,-1.931,4.134,0,2.76,-3.461,0.123,-4.737,-4.352,3.976,2290.93,0
159154,1.248,0.745,-1.504,1.372,0.066,-3.999,-4.144,3.419,0.105,-2.27,1768.54,0
121382,0.448,2.226,1.436,0.382,-1.405,4.32,-0.948,-2.367,2.812,-0.87,3490.85,0
138873,-1.412,-1.961,-3.527,3.978,-4.327,-4.812,3.547,-4.877,-1.446,-0.065,3411.29,0
96155,-3.723,-2.592,4.5,-1.329,-3.971,2.955,-1.661,4.916,3.969,-2.224,4285.2,0
44689,2.379,1.684,3.874,3.248,-3.767,-0.409,-4.006,0.961,-0.199,3.037,3574.93,0
81759,-0.279,4.46,2.005,-2.852,-0.246,-4.232,-1.353,0.833,-4.443,-1.974,4972.14,0
76827,3.852,error,-1.694,-0.125,-1.357,0.975,1.901,3.243,-3.472,-4.342,1565.31,0
3581,-0.288,0.384,-0.743,4.273,-4.683,0.085,-0.71,-4.877,4.951,4.655,4723.48,0
51435,-4.22,1.187,3.919,0.194,-4.152,0.963,-1.604,3.047,4.34,-0.821,2745.86,0
67148,3.007,-0.76,2.54,-2.294,0.883,2.513,-2.642,4.848,-0.733,0.88,861.52,0
161740,0.708,0.766,-0.771,4.166,2.792,-3.945,2.677,-2.877,4.518,0.082,3253.11,1
92962,-1.916,-3.981,1.443,-1.212,-0.583,-2.795,-0.511,3.932,-1.456,0.371,20.69,0
121104,0.888,-0.585,0.665,4.019,4.018,-0.492,4.843,0.804,3.333,1.555,2307.67,0
111791,-0.198,3.147,0.874,-3.573,3.783,-0.971,-0.318,-4.675,-1.704,-0.775,3276.32,0
132299,0.634,-1.05,1.788,-3.943,-3.649,1.787,0.962,-0.237,-0.163,4.372,2837.54,0
84851,-0.94,0.794,-3.881,-1.308,2.747,-2.695,-4.637,-3.963,-0.707,1.64,1839.86,0
172438,-3.245,-0.653,1.163,-3.301,3.681,-2.015,3.144,-2.012,-0.811,-3.627,1958.43,0
163027,2.162,-2.081,-4.88,-2.522,2.312,-3.481,4.616,3.126,3.179,-2.404,3718.84,0
124277,-0.524,2.782,-4.845,-0.155,-1.686,-2.711,3.418,-4.532,-4.356,4.708,637.54,0
71470,0.328,-1.102,0.549,-2.498,2.187,2.758,1.651,3.605,2.281,0.999,3743.63,0
43127,0.251,-4.515,3.455,1.19,2.86,0.401,2.071,0.186,-1.885,-4.841,4574.71,0
129655,1.577,-1.708,-4.205,3.578,-4.391,3.415,-1.471,3.782,-0.1,3.911,2753.42,0
153604,2.445,-2.067,2.544,-1.419,-4.26,-0.16,-4.347,3.079,1.287,-1.554,2243.7,0
13793,-1.688,1.512,3.114,-1.452,3.959,-0.727,2.989,2.155,-3.289,1.242,3329.39,0
61734,,-4.79,-1.126,-1.605,0.028,0.823,3.896,-4.83,-3.308,-0.039,1607,0
49403,3.636,-0.557,-2.027,1.232,4.352,3.895,-0.088,-1.53,2.543,2.427,96.46,0
155238,-2.095,-1.103,4.293,0.311,1.221,3.92,4.83,2.962,2.907,3.55,3273.43,0
2176,-3.326,1.039,-4.263,2.373,-3.426,-0.209,1.399,1.134,-3.532,-4.204,419.32,0
51628,0.694,4.45,3.993,-1.942,2.175,2.417,-0.775,0.425,-1.907,4.265,490.58,0
129350,-0.813,3.812,1.285,1.781,-4.454,-3.649,-3.527,2.498,3.437,1.464,1936.41,0
112142,4.114,-3.32,-4.028,0.303,-3.29,3.238,1.335,0.747,1.308,0.26,4072.92,0
112059,3.27,1.887,3.597,2.912,4.795,-4.69,-4.04,3.984,2.227,-2.699,268.75,0
82748,3.375,4.299,-1.883,0.372,1.97,-4.489,4.415,0.49,-3.89,-1.814,402.83,0
145119,-4.299,1.818,-4.788,1.347,2.236,-0.757,0.489,-2.477,0.895,-4.524,4069.89,0
94781,3.739,4.11,3.941,-3.176,-3.922,3.682,0.67,-0.002,0.882,4.715,2416.91,0
3281,1.911,0.007,4.297,2.92,4.764,-0.847,-4.658,0.273,-4.093,-0.92,2044.11,0
72685,1.931,1.044,4.369,1.213,-1.582,3.891,3.493,-4.107,1.316,1.009,4724.75,0
117553,3.855,-3.668,4.665,-2.746,-2.974,-4.156,-1.249,0.716,-0.935,3.643,1680.32,0
84510,2.864,0.661,-3.645,4.05,-2.235,1.56,-4.683,3.777,1.493,-0.857,2500.22,0
49280,1.77,3.201,4.076,-3.748,4.396,-3.622,-4.657,0.497,4.319,-0.112,4513.15,0
56171,2.65,4.434,0.516,4.532,3.932,1.113,-0.942,3.706,1.712,1.986,?,0
145124,-1.668,-2.829,-2.292,0.189,0.063,3.009,-1.892,-1.167,1.434,4.676,2524.33,0
29791,4.903,-4.874,-1.526,1.708,-4.328,4.357,0.315,3.265,0.801,-2.867,489.56,0
170660,-2.974,0.276,-3.942,1.295,1.492,-4.146,-4.148,-2.258,-0.048,-2.936,1017.44,0
142615,-4.945,2.432,0.359,-2.507,-1.109,-2.713,4.158,-2.786,2.312,-0.55,1342.75,0
170884,-1.463,-4.714,-3.913,-0.97,3.396,-1.141,0.712,3.789,4.685,3.572,2924.06,0
126743,3.739,-0.213,2.89,-3.089,-3.022,-3.237,-3.52,3.875,-1.477,-4.969,2068.95,0
6209,2.978,-3.765,3.732,2.412,-3.777,2.524,4.045,-1.138,-0.267,1.329,2544.73,0
89005,2.79,1.887,2.877,3.621,-1.912,-3.614,-4.84,-0.302,0.505,-3.352,1281.16,0
104574,1.869,-2.148,0.247,0.812,-1.837,1.996,3.116,-3.606,-1.759,-3.902,1729.55,0
146336,2.447,2.015,-1.223,2.641,-2.98,-3.383,-0.089,2.38,-3.471,2.629,2475.33,0
79954,-3.909,-1.159,0.815,-1.45,2.191,3.826,-2.763,3.813,0.432,1.682,601.11,1
35867,-3.131,4.108,4.073,-0.559,4.087,0.628,0.645,1.972,2.703,4.302,4106.27,0
3014,3.569,-3.924,-2.231,4.954,4.464,3.051,-3.241,0.921,1.843,4.386,2244.27,0
41267,2.466,-3.413,-0.209,4.088,3.258,-0.906,4.009,0.745,0.168,-0.955,1100.23,0
95174,1.401,1.771,3.514,0.97,1.955,0.118,-4.723,-2.613,1.118,-1.572,4291.8,1
100998,1.52,3.151,1.326,-4.129,-4.153,-1.21,-2.209,1.106,-2.567,2.323,4160.46,0
8589,-4.138,-3.975,2.077,4.78,-0.232,-1.786,4.345,-4.351,-0.829,2.046,1659.63,0
109729,4.364,3.789,1.147,4.811,1.596,-3.027,-3.625,-4.651,-4.126,3.906,4464.19,0
35425,2.321,-1.099,-2.584,-0.188,2.816,0.12,3.993,-2.185,-3.898,4.002,1974.55,0
7801,4.482,-3.499,-1.89,-2.711,-3.72,-1.709,3.586,2.271,-1.25,-4.734,987.18,0
162349,3.693,-3.613,-2.851,-2.403,-2.582,-2.233,2.229,-4.271,-0.334,2.692,1246.96,0
115801,-4.239,-1.216,-4.301,3.983,2.983,2.888,1.029,1.686,-2.803,3.643,3043.65,0
154422,-1.777,1.692,-2.59,-0.353,3.289,-4.685,0.07,1.085,0.979,-4.617,4962.35,0
162503,-4.256,-4.618,2.973,1.08,4.744,-0.283,1.52,2.711,-0.23,-0.72,3768.08,0
45884,1.991,0.376,-2.429,-1.192,-1.373,4.306,3.836,-2.742,-0.332,4.17,4260,0
13189,4.841,-4.737,-2.173,3.845,-0.792,4.354,2,1.762,-0.952,-1.41,2012.75,0
94801,3.45,1.255,-3.491,0.526,-4.939,0.628,-1.36,2.185,-2.007,1.065,470.97,0
107620,-2.622,3.381,2.887,0.534,-3.662,-3.147,-2.75,4.063,2.197,1.496,896.38,0
36741,2.919,4.875,-0.645,-4.659,-0.712,-4.085,-3.718,-2.6,2.988,-3.322,2838.23,0
17716,1.177,-1.145,-0.931,1.735,-2.864,-0.408,2.673,0.407,4.424,4.549,3841.26,0
81574,3.48,0.708,-4.088,4.42,-3.623,-1.185,0.149,3.439,3.568,3.89,2499.75,0
56519,-1.66,4.663,-4.438,-1.208,-2.459,3.208,-0.148,4.909,-1.459,4.402,3343.29,0
128696,2.037,4.635,4.274,2.647,-1.771,4.864,-1.066,0.639,-0.678,2.306,4757.64,0
3979,-2.303,-0.835,-1.192,-1.305,0.041,-4.128,3.155,2.346,1.14,-0.051,1072.54,0
28516,-3.762,4.56,0.393,-2.341,-4.717,-3.15,3.731,-1.635,3.105,-4.561,433.3,0
16802,4.683,0.873,4.767,0.002,2.158,2.582,2.366,-3.222,-3.209,-1.745,642.94,0
704,-1.763,4.564,-2.768,-4.83,0.811,-4.107,4.084,3.065,-4.722,4.961,1033.14,0
118054,-3.748,-4.33,-3.227,-4.092,1.277,1.255,-0.874,3.337,0.736,-0.188,3883.4,0
16699,2.299,-3.748,1.553,-3.703,1.994,-1.061,-4.775,0.502,3.277,-4.934,3638.41,0
125517,2.772,-4.465,-3.912,0.576,-0.314,-0.559,4.796,0.995,-4.654,3.596,2251.02,0
132966,-2.274,2.956,3.634,-3.692,-1.564,3.718,-2.237,3.486,-1.174,4.424,1477.31,0
2813,2.211,-4.237,0.394,-0.079,-2.041,-3.51,0.278,0.355,-1.706,-1.431,3383.72,0
54879,2.194,-2.777,3.746,-2.522,-4.36,4.876,-1.766,-2.433,-0.855,-2.009,3611.37,0
151778,-3.9,-0.109,-3.855,-4.913,2.158,-1.753,1.327,-4.649,2.927,-4.531,4731.78,0
32469,3.742,-4.084,3.186,-4.977,0.117,1.374,3.967,-2.407,1.612,-2.697,3402.44,0
127795,4.606,2.201,-4.402,-4.848,-3.868,1.105,4.331,-3.226,4.157,-2.675,4979.25,0
95363,2.768,1.769,2.961,-4.347,-0.558,0.55,-0.032,-0.004,-1.838,-0.986,3839.6,0
136776,-4.72,-3.265,3.047,2.425,3.701,4.033,-0.001,0.087,-2.857,3.874,4061.67,0
86686,-4.27,-4.454,-1.328,-3.294,-3.953,0.846,2.595,2.193,3.732,0.393,3681.44,0
134170,-2.512,0.648,0.452,3.989,-3.329,-1.613,1.021,0.291,-2.533,-1.552,1548.6,0
141284,-3.386,error,4.749,-3.366,2.444,-2.204,-0.289,2.373,-3.768,4.106,381.18,0
130507,-1.317,-3.58,-3.5,-2.717,3.968,-3.248,-4.811,0.305,3.436,-3.797,1874.4,0
46170,-2.487,2.41,1.835,1.507,-3.644,-1.554,-2.898,-2.845,-4.297,-3.589,4793.86,0
86037,-0.336,4.393,2.851,-1.449,-4.132,-2.378,-0.239,3.609,2.357,1.189,2849.91,0
129154,-3.02,2.477,2.842,-2.235,-0.871,0.025,-0.024,-0.01,-0.565,-2.366,2506.69,0
16952,-3.901,2.735,-2.343,-0.905,4.435,2.558,3.009,-1.859,2.455,1.68,391.04,0
1683,-0.628,1.745,2.317,-1.675,3.674,-0.21,-0.338,-1.992,-3.692,0.67,3190.38,0
149423,-4.29,3.907,2.328,2.235,0.533,1.526,-3.106,1.356,1.936,-0.326,1561.71,0
57573,-4.125,-4.28,-1.24,-2.06,2.538,4.911,-4.938,-0.689,-0.575,4.798,826.4,0
29787,-2.931,-4.807,-1.916,1.404,4.599,-0.595,-3.202,-0.223,-2.712,2.476,3393.97,0
172787,-2.213,4.992,3.786,-0.502,-3.071,-2.832,-4.406,-3.443,-0.457,3.841,2058.17,0
137796,2.356,-3.593,-0.598,-4.674,0.065,2.761,-1.513,0.458,-2.608,-1.502,1529.65,0
36709,-0.212,2.435,-3.773,2.647,-4.054,4.973,1.541,-3.79,-3.892,-1.211,3399.59,0
83089,3.836,-3.944,4.986,-0.118,4.025,0.274,1.636,4.36,-4.169,2.717,1723.63,0
2730,-4.993,2.904,4.741,0.28,4.029,-4.708,-1.606,1.598,1.979,-4.215,452.82,0
93939,-1.882,0.492,4.235,0.65,-4.282,-2.768,3.639,-0.795,-1.448,2.293,3612.68,0
35807,1.635,4.627,2.345,0.061,3.381,-1.658,3.994,4.773,3.354,1.654,942.12,0
112814,3.057,0.736,-0.643,2.971,-3.085,4.815,-0.475,-3.721,3.043,2.052,2627.39,0
23609,4.861,4.982,-4.217,3.738,1.315,1.375,1.361,-2.957,-1.991,4.321,1509.91,0
110672,-3.057,3.773,0.636,-0.667,-4.03,1.948,-4.413,-3.182,-3.914,-2.183,113.49,0
130736,3.861,4.15,-2.465,1.401,-4.267,4.44,-0.346,1.719,-0.844,3.548,927.38,0
47091,2.572,-3.51,0.812,3.171,2.117,0.769,4.41,-3.927,3.244,-4.32,89.65,0
56529,,4.039,4.838,0.433,-3.666,3.906,4.984,3.583,-1.37,3.052,3222.06,0
64818,1.499,1.886,4.214,3.944,-0.01,1.816,2.062,1.662,-1.115,-4.032,2047.81,0
87195,1.705,3.694,-2.628,2.215,1.617,-1.789,1.33,-0.361,-0.09,0.209,542.97,0
71083,1.317,-1.636,-0.376,-0.617,-2.677,-2.135,3.097,1.017,-2.136,-3.589,4385.32,0
154354,4.433,-0.041,-3.93,3.26,-2.494,1.822,1.121,2.89,1.164,4.108,782.14,0
160232,1.026,-4.556,-0.134,-4.067,2.702,2.384,4.367,0.049,-0.615,3.026,4400.83,0
31648,4.971,4.431,4.644,-2.687,-1.183,4.693,-1.907,-2.957,-4.952,-0.494,2192.4,0
97780,4.31,2.329,-0.503,3.032,4.048,1.568,3.818,-0.514,-1.105,-0.225,554.9,0
58591,4.274,1.197,2.897,3.737,-4.099,-2.456,0.802,-3.45,1.681,1.304,1095.41,0
169604,-0.336,-4.108,-4.481,4.629,-3.615,-1.23,-1.555,-3.987,-4.325,-3.811,4378.47,0
9576,1.795,2.031,3.757,3.642,1.912,-0.92,3.182,2.202,-0.787,1.272,4628.99,0
163594,4.733,3.233,-1.1,-0.322,-4.617,-4.196,3.063,-1.366,-2.308,-4.533,1901.87,0
162500,4.171,1.504,3.719,-1.32,2.781,2.463,3.798,-0.338,2.026,1.449,3144.99,0
149934,3.355,-0.829,-3.532,1.957,-4.798,-0.795,0.02,-0.011,-4.543,4.316,758.61,0
148031,-3.467,-1.679,-0.089,-4.674,-0.267,0.283,4.45,-4.887,-0.686,-1.717,4877.84,0
98047,-3.742,0.7,-0.779,4.88,-1.88,3.19,-3.042,3.191,-4.823,-0.078,3393.23,0
165455,-1.026,3.316,3.468,-0.734,2.493,-3.392,0.755,2.9,4.182,3.439,1422.61,0
151265,-3.532,-3.23,2.214,-4.302,3.207,-2.522,2.103,0.885,1.663,1.213,990.54,0
133514,-3.108,-4.933,-1.821,-1.982,-0.52,0.107,-4.133,1.249,0.633,-2.014,160.05,0
166364,-3.489,-0.749,3.513,-4.196,-4.091,0.607,-2.714,-1.388,-4.795,3.431,440.33,0
158882,-4.148,-1.006,-1.131,-4.295,-4.007,1.385,-4.854,-1.932,0.715,-1.327,3833.61,0
67049,-4.893,3.916,3.213,4.69,-4.231,-3.003,-1.233,-2.385,-4.392,-3.411,4927.94,0
96508,-3.128,-0.835,2.16,-4.417,-0.419,-3.787,-0.107,-4.28,-1.783,-1.56,3271.35,0
46518,1.306,2.962,-2.854,-4.205,-3.946,2.841,0.319,1.387,-0.676,-1.55,3913.49,0
171965,-0.023,-1.309,4.665,-1.424,1.469,-0.878,-3.929,-3.079,-2.358,-1.626,2637.35,0
13924,2.342,-0.27,-2.337,-2.511,4.79,1.766,3.335,-1.375,-2.677,0.432,3803.77,0
130862,-4.429,-3.79,4.579,-4.005,-1.301,-1.205,-0.795,-3.859,-3.549,-0.123,4.75,0
140139,1.567,-0.573,0.727,-1.575,0.704,-0.401,-0.112,3.105,-1.63,4.784,1848.46,1
60569,3.3,2.737,-4.342,-1.557,0.247,-4.882,1.576,-2.395,-1.482,-3.032,713.55,0
55229,-2.425,-3.074,-4.772,2.096,-1.074,-3.842,-1.152,-1.006,4.726,1.731,4325.69,0
137376,-0.444,-3.688,-4.786,-1.126,2.332,-2.899,-3.323,-4.015,-1.636,-4.559,4754.16,0
127322,-1.631,2.941,0.669,-0.054,2.183,0.917,3.855,3.263,-3.206,2.599,3468.88,0
63750,3.622,2.954,-2.37,3.222,-4.999,-1.956,2.145,-0.696,2.118,-4.456,2632.94,0
80663,-0.187,-0.428,3.459,-4.834,-1.845,1.116,4.723,1.271,3.747,-3.813,2561.17,0
31555,1.431,2.021,0.477,1.508,1.404,-3.166,1.338,-1.118,-0.73,3.711,2284.9,0
142482,4.3,1.56,-0.797,4.771,3.84,-2.271,4.962,-4.084,-2.948,4.464,199.98,0
76664,-2.961,0.922,-1.885,-2.62,-2.366,-0.222,3.391,3.007,-2.28,-4.86,1573.96,0
26341,1.516,0.675,-3.785,3.471,1.807,-0.204,-2.557,4.078,3.15,-3.036,1105.79,0
10972,2.287,-2.444,-1.33,-2.119,-3.665,-2.147,-3.576,4.987,-0.245,0.513,4655.92,0
12421,-4.671,-1.086,4.029,-0.526,-1.541,-2.748,2.184,2.902,4.767,4.816,?,0
40066,-2.791,4.827,0.088,1.574,1.701,1.425,-3.71,1.449,-1.385,4.169,4536.92,0
149199,-1.745,1.351,-0.717,2.494,1.942,-3.102,3.622,4.339,-2.786,4.145,1722.14,0
85396,-2.225,-0.316,1.2,0.152,-3.287,2.34,0.804,3.627,2.868,-2.066,809.26,0
162803,-2.632,-2.68,1.384,0.499,4.514,2.549,-0.387,3.235,-1.48,1.954,4688.16,0
5662,0.011,1.043,0.809,-0.149,2.332,-2.088,-4.981,3.024,0.763,-3.477,1623.33,0
60479,3.322,4.63,-4.445,-2.172,-0.542,-3.329,-1.427,-3.421,-3.424,-2.953,4938.49,0
151175,1.517,3.011,1.427,-0.023,-1.712,1.14,-4.525,-2.423,-0.818,1.835,2889.29,0
158643,-2.283,3.677,4.333,0.25,4.147,4.432,-0.807,-0.099,3.338,-0.717,2012.66,0
33504,4.118,4.261,4.335,-4.713,-2.359,3.595,-0.229,1.093,3.69,-2.742,838.26,0
21334,-0.583,-1.149,2.45,-4.307,-4.1,-2.829,1.612,4.618,-4.64,-2.513,2257.17,0
10375,1.254,-2.846,1.879,-1.557,-3.921,-4.51,-2.997,-2.641,4.617,-4.066,1736.95,0
81244,-4.53,4.956,0.439,-3.795,-0.1,-4.239,1.858,2.299,1.271,4.699,801.02,0
76295,3.979,-2.732,-4.615,3.416,-4.335,1.546,-2.801,-2.875,-1.42,-1.261,645.48,0
158983,-0.863,-1.248,1.978,1.536,-3.002,-4.548,3.529,2.434,-3.545,3.597,2824.38,0
155820,-4.78,2.482,2.501,3.806,4.133,4.007,1.354,-4.664,-3.825,-2.079,3812.47,0
124486,-1.271,-0.448,-1.054,-1.655,2.517,1.137,-3.351,-3.112,3.045,2.355,904.5,0
9053,-4.193,3.565,1.648,-2.999,4.791,3.623,3.53,-4.836,0.993,3.101,2798.29,0
117870,2.139,-3.558,-3.805,1.023,2.58,-0.786,3.849,1.913,-0.062,-3.718,3198.21,1
146729,-3.029,2.628,4.088,0.84,-4.275,3.267,-0.525,4.617,-2.816,3.689,1870.18,0
13380,-3.381,-3.842,-0.975,1.743,2.52,0.993,4.53,2.032,1.63,4.048,4073.18,0
19356,0.424,2.032,3.563,2.645,-1.286,-0.693,3.606,-2.473,0.855,4.557,586.75,0
70074,-4.551,1.981,-2.639,4.817,-0.622,1.119,1.32,-3.736,-0.984,-3.067,859.92,0
128944,2.634,-3.605,-3.611,4.754,-0.384,-4.561,-2.054,-4.832,-3.705,4.71,1815.91,0
20343,4.882,-1.288,-2.57,-1.628,-2.428,2.849,-1.961,2.502,2.087,0.763,37.39,0
64494,0.677,4.98,1.68,-1.979,-0.343,4.071,0.748,1.093,-0.896,0.505,1156.96,0
172696,-2.844,-0.453,-4.024,-1.77,2.628,-2.676,-3.084,-4.379,0.555,-0.237,?,0
26092,-1.912,-4.595,-3.199,2.253,1.681,-1.194,2.513,-2.106,-2.647,4.929,2724.92,0
46963,0.758,4.294,-3.596,4.401,3.809,-2.687,-1.814,-3.043,-0.45,4.541,2418.65,0
142560,4.605,3.69,0.688,4.275,-0.199,1.091,4.576,-0.292,3.245,3.784,?,0
103381,1.398,-2.047,-2.452,3.451,1.557,-4.054,-3.014,4.204,-3.082,0.22,4557.58,0
11468,4.405,-2.654,4.577,-4.843,-3.655,-3.754,3.46,-4.305,2.034,-0.356,4871.03,0
15376,1.419,-4.813,-2.777,1.598,0.292,2.265,-2.613,3.341,-0.415,4.022,348.88,0
37336,0.188,1.453,3.832,-3.924,1.319,-0.011,1.316,3.919,-2.929,2.006,3045.01,0
98035,1.514,4.151,3.501,-2.333,-0.43,-3.228,-1.245,-3.565,2.096,-3.142,2048.74,0
144430,,2.106,2.195,1.992,0.059,-4.854,-1.873,4.417,4.171,-2.641,620.23,0
38001,3.35,-3.44,1.572,4.347,-4.621,0.641,-4.792,-1.641,-4.384,3.071,287.47,0
122244,3.155,-2.847,-4.966,4.579,-2.167,2.208,-3.255,2.729,-1.776,-0.799,2633.95,0
128458,-0.703,3.358,-1.984,-0.479,-0.057,-3.967,-0.905,0.859,-4.188,-2.881,752.06,0
172778,-0.136,2.447,3.491,0.801,-2.061,4.307,3.002,-4.973,-2.517,-3.509,184.18,0
154902,2.485,1.533,-2.25,2.646,1.965,0.385,-0.204,-2.193,0.403,4.884,1327.61,0
66847,-1.141,4.212,-1.374,-2.942,-0.502,-1.848,0.379,-0.62,1.685,3.248,369.92,0
144038,2.713,-4.882,4.767,-4.222,-0.886,-0.379,0.505,-0.473,0.717,-1.452,3618.14,0
55529,1.503,4.73,0.755,-0.125,-1.083,-2.946,-0.587,-3.728,2.458,1.42,1574.73,0
23880,-2.774,-1.466,-0.821,1.745,-1.463,-1.677,0.828,-4.799,-4.524,3.359,3381.77,1
164937,2.976,1.38,0.01,0.65,2.906,0.278,-2.154,1.541,4.833,0.884,4734.09,0
54113,2.025,-1.845,-0.48,-2.267,0.12,-2.724,-3.449,-2.572,3.001,-3.727,681.04,0
118430,3.761,2.803,0.137,1.844,2.011,-2.781,2.057,1.144,2.854,4.122,54.81,0
144834,1.943,1.967,-3.312,0.895,1.834,4.651,-2.637,-2.208,3.921,-2.048,3722.77,0
121200,2.683,0.288,-2.626,3.645,-0.538,3.662,3.655,-0.59,4.242,-2.72,4931.56,0
88902,-4.046,1.785,2.956,-1.542,4.514,-2.627,0.314,2.97,4.022,4.644,3341.04,0
44620,-1.668,-4.179,0.996,-1.05,4.828,-2.301,-3.134,-1.409,-0.121,1.573,3421.23,0
61864,4.64,4.133,-0.399,-0.228,-2.564,3.988,-0.763,-1.152,-0.865,3.629,2896.14,0
112201,-1.627,1.186,-4.707,2.905,-4.343,1.087,-0.946,1.968,2.809,-1.429,132.3,0
42217,4.854,-2.44,4.294,-0.598,-2.368,4.925,-3.924,0.137,-0.964,-1.544,2378.79,0
59838,-2.065,-3.256,-0.922,-0.988,-4.48,-0.179,0.667,0.412,3.689,0.224,4324.56,0
2517,1.408,-1.839,-0.495,1.273,-4.126,-4.423,-1.381,3.859,1.858,1.107,495.64,1
152437,-3.329,2.109,4.565,-2.155,-4.27,4.914,0.357,-2.614,1.174,2.75,3138.04,0
108033,2.95,4.72,-0.613,-0.818,-0.585,-3.73,0.039,-0.357,-2.799,-1.909,971.74,0
164143,3.437,-3.195,-4.819,0.339,3.209,-1.625,-3.934,2.083,-4.455,-3.075,2494.63,0
87996,0.284,2.215,3.478,-0.83,-3.78,2.572,0.939,-3.88,1.363,-4.963,3176.42,0
41347,4.522,-0.59,3.321,3.179,-0.235,3.799,2.763,0.221,2.393,3.175,2571.56,0
123271,2.112,4.942,3.009,2.782,-0.118,-1.535,-2.841,-2.489,-2.559,-4.727,2795.72,0
51669,4.324,1.438,2.718,-1.713,-4.36,-1.962,0.913,-1.512,4.4,-4.578,173.35,0
101264,2.878,-3.339,2.586,-3.869,-4.792,-3.771,-3.122,0.066,-2.788,-2.472,2925.42,0
51557,-2.537,-0.027,-0.309,1.663,0.236,-0.977,1.417,0.805,3.657,-4.326,4099.78,0
2171,-1.592,2.593,-2.138,3.427,3.003,2.715,0.914,1.121,2.189,-1.475,4413.71,0
84287,1.185,-4.24,-4.189,3.786,1.482,-2.168,-3.19,-0.977,-1.603,-3.252,3891.56,0
52634,-1.64,-1.632,3.413,1.912,-4.776,-1.803,2.379,3.244,4.272,-3.257,1448.25,0
126051,,2.821,3.775,4.101,2.359,3.804,4.096,3.681,3.552,-3.52,?,0
96529,1.245,3.467,-4.251,-0.136,-2.496,-1.504,1.916,-3.099,1.378,-0.163,911.42,0
49041,-4.866,-0.61,-4.435,1.252,3.41,-4.289,-2.482,-4.083,1.526,4.166,3465.87,0
146853,2.503,0.657,-4.99,0.301,-2.984,-1.679,3.439,-3.224,-2.185,4.033,2629.72,0
1023,0.322,-0.233,-1.259,-1.208,-2.156,2.664,3.513,2.645,-2.038,-4.544,1123.77,0
164629,-4.175,-1.991,-0.655,2.801,4.786,4.046,-3.051,-3.057,-0.901,-2.946,3202.82,0
145401,-2.161,-2.638,-1.485,-1.95,4.564,-2.419,4.809,-2.614,4.537,4.51,2463.64,0
104983,1.131,4.685,4.403,-4.406,-2.099,3.569,-4.624,-2.965,-2.069,-3.822,384.29,0
115562,2.248,-4.663,1.131,3.456,2.263,2.962,1.125,1.106,1.329,3.74,1811.41,0
12224,,-2.985,-3.484,3.029,0.899,0.307,2.983,-2.862,3.388,1.648,2097.8,0
88589,-2.624,-2.177,1.815,4.806,1.855,2.511,0.262,-3.108,0.991,0.681,?,0
55432,-3.606,-1.119,-3.01,-3.879,0.767,3.023,1.33,-1.507,-2.468,4.406,4136.24,0
52104,-0.869,-3.398,-3.364,-2.98,0.043,0.99,-3.461,2.173,3.609,-2.242,571.97,0
11284,3.329,2.502,-0.553,-2.201,3.954,1.227,-3.485,0.43,2.932,-1.804,954.42,0
76332,-4.55,1.34,-2.161,-0.712,3.513,-2.075,1.298,0.725,-3.982,-0.472,3394.22,0
125854,-1.085,-4.344,1.473,0.596,0.58,-3.48,1.025,4.525,-3.143,0.855,3211.25,0
108691,1.173,2.119,1.422,4.484,-0.297,-4.241,1.927,-0.244,-3.324,3.952,2870.64,0
103271,3.141,0.364,-3.97,-0.756,-4.68,2.54,-2.396,-4.229,0.686,-4.567,166.33,0
112391,3.933,2.85,-3.535,-4.709,-1.15,1.133,0.917,3.523,3.451,4.339,3201.8,0
131804,2.411,1.625,1.306,1.869,-4.241,-3.464,-3.4,-1.278,0.725,2.531,262.27,0
80286,2.042,1.951,3.3,2.716,1.802,2.374,-2.854,-2.647,0.848,-1.934,973.62,0
85056,4.876,3.897,-1.869,1.109,1.545,-4.945,3.284,-4.78,-0.33,-2.635,3353.97,0
8753,4.149,-0.791,-4.965,-4.717,1.249,3.724,2.249,2.742,-2.222,-2.454,4428.05,0
142070,-4.655,3.462,-1.056,2.016,-4.921,0.29,-1.444,1.658,2.529,-2.756,4065.09,0
68650,,1.225,4.873,4.949,3.778,-2.931,3.338,2.971,-3.531,-4.265,239.42,0
38348,-0.811,2.204,0.595,-0.874,-2.694,4.97,-1.45,2.404,-1.501,0.824,1097.75,0
139662,-4.999,-3.754,-1.069,2.248,-0.257,-4.605,-4.336,1.619,-1.338,0.454,2740.57,0
53667,-4.725,0.202,-0.479,-4.81,4.939,-2.015,-2.963,1.359,-2.764,3.133,3922.89,0
46234,-4.248,-1.535,-2.26,0.423,-0.228,3.798,0.568,3.461,1.104,-1.978,3378.7,0
12968,3.913,-3.292,3.656,-0.447,-1.38,3.151,-4.146,-3.553,-0.608,2.577,1670.16,0
93678,-3.161,1.979,-0.525,4.024,-4.74,4.869,0.966,-0.632,-0.242,-4.298,3393.69,0
133206,-1.344,-0.467,-1.2,-3.175,-1.425,1.406,3.924,2.006,-1.749,0.459,3211.54,0
41570,-2.375,-2.477,2.567,4.045,4.634,-3.604,-0.248,3.741,-0.635,-2.438,3042.12,0
149537,0.749,-4.057,4.529,-2.298,-3.002,1.46,-0.152,1.541,-2.729,4.366,2741.14,1
69052,2.296,-2.488,2.128,2.1,-3.286,4.771,-3.49,-1.558,-3.618,-1.201,2456.65,0
12374,-0.388,-0.956,4.859,-0.386,-0.384,2.515,0.911,-2.491,0.563,-2.982,4214.82,0
27131,1.844,2.514,-3.756,1.309,0.574,3.441,1.175,-4.314,2.803,-3.602,410.22,0
129302,3.539,0.427,-3.406,-4.267,-2.649,4.437,1.64,0.263,-1.417,-4.537,4400.18,0
89529,0.963,3.047,-4.528,2.058,3.012,-3.431,-2.155,-2.127,3.223,2.978,1933.13,0
108460,-0.641,-1.823,-2.271,1.047,-3.262,-2.875,-0.624,3.886,3.125,2.632,4711.9,0
163098,1.564,-2.062,3.282,0.882,-4.212,0.252,-2.999,1.071,-4.026,-4.256,4526.1,0
39560,3.884,0.36,-2.991,3.598,3.914,4.478,-4.056,3.821,-1.803,-4.519,24.28,0
63909,-0.361,1.541,-0.939,1.992,-0.878,-3.037,3.005,0.611,-2.437,-2.557,1937.68,0
45769,-2.918,-4.52,2.104,-4.22,1.928,3.329,4.454,0.588,0.288,4.339,4635.33,0
17891,1.795,3.07,3.009,3.587,4.759,-2.763,3.969,3.32,0.243,3.189,530.4,0
76845,4.275,-3.276,0.972,3.814,-4.824,-2.869,4.094,0.852,-0.734,4.003,4947.6,0
146419,-1.917,0.439,-4.719,-3.724,-1.738,0.242,3.582,-2.937,-1.964,-1.848,?,0
80416,-0.831,-2.93,-2.461,4.342,-2.787,-2.064,-0.018,-4.136,4.025,4.036,3122.3,0
103790,,3.448,-0.193,-1.932,-4.89,1.542,-0.467,0.66,-4.091,0.736,835.17,0
141831,-3.226,4.156,4.955,0.925,-1.842,0.423,-0.796,0.904,2.616,-4.287,1488.54,0
31242,1.435,-1.014,-0.931,-1.074,1.906,-3.344,-2.936,-0.234,-4.248,-3.352,1337.67,0
145728,0.322,3.671,-0.664,3.742,-0.374,-2.267,1.703,1.013,3.238,-4.675,4863.62,0
121204,2.915,-4.808,4.911,-1.949,4.441,-0.604,4.2,-4.244,1.941,-3.275,348.5,0
141005,0.758,-0.837,1.154,-0.723,-3.96,3.747,-1.726,-0.929,1.09,-2.281,4157.59,0
158256,-0.354,-0.671,3.852,4.881,4.897,-3.536,1.578,1.768,3.182,2.238,901.49,0
26380,-1.62,0.933,2.211,2.285,3.373,1.041,-4.386,1.748,-1.073,3.086,2396.61,0
152587,-1.079,-0.671,0.638,3.056,-0.204,-3.236,-4.758,-1.036,2.54,-0.081,4944.6,0
104667,-2.601,-4.556,-1.597,-0.915,-4.704,-1.15,1.782,-3.675,0.651,1.132,?,0
171300,,-4.585,4.304,1.796,0.032,-2.487,4.195,0.25,-4.17,-3.223,586.53,0
48241,-3.819,1.891,-2.222,-0.613,-1.888,-2.076,-4.616,1.455,-4.542,3.703,227.42,0
19741,0.276,-3.937,-0.027,-1.231,-3.041,-4.558,2.449,2.091,1.268,-2.008,12.35,0
11213,2.765,4.049,-3.146,-1.83,-0.364,1.669,1.118,2.495,0.9,4.499,1664.47,0
9260,-2.137,0.354,0.668,4.596,1.324,-4.102,0.406,1.891,4.874,1.129,1019.61,0
3440,-0.568,4.627,2.701,-4.091,-0.08,4.347,-3.714,-3.8,-3.753,3.888,1357.45,0
110864,-4.075,error,2.303,-2.668,4.713,-2.502,-2.448,-2.753,1.021,-1.374,211.33,0
131862,-3.538,4.496,-0.781,0.033,-4.624,-2.958,-0.976,3.122,4.609,4.336,4.45,0
122211,2.533,-4.242,0.905,-4.997,-2.112,-3.753,-2.464,-4.268,-1.67,-4.148,71.2,0
15231,3.503,4.894,-4.539,-1.532,4.859,-3.923,2.914,2.044,-3.833,-4.515,2574.38,0
11369,2.923,-2.669,0.779,1.355,4.328,1.141,-1.407,-3.992,0.266,2.224,235.84,0
126145,-2.857,-2.424,-3.22,2.407,3.077,-0.27,2.571,2.582,4.053,-2.749,2705.11,0
12231,-3.032,-2.674,0.999,-0.447,-3.392,-2.26,4.693,2.141,-2.867,-0.655,4773.62,0
124066,-0.242,2.783,1.388,4.589,1.994,-3.422,3.96,2.266,0.591,0.751,1833.71,0
26668,4.736,error,-2.718,3.701,-3.153,-3.681,-3.753,-3.325,4.413,-0.465,794.13,0
96215,-1.352,-3.036,-3.879,2.484,-2.265,-3.63,2.062,4.267,3.38,-3.27,1986.29,0
116727,3.748,-1.2,1.249,3.15,2.075,-0.935,1.243,-2.419,3.427,-1.44,152.77,0
51988,-4.567,0.501,4.626,2.881,4.123,-1.467,-2.182,3.841,-0.609,2.529,3218.35,0
98225,1.777,-3.077,4.426,-2.27,-4.324,2.08,2.928,1.157,3.668,-2.545,3984.38,0
59085,0.822,-4.899,-4.513,3.304,-0.214,-3.219,3.714,-3.906,3.977,4.668,894.45,0
102703,-0.916,4.204,-4.489,-4.229,0.759,1.522,-1.003,1.606,4.701,1.104,3236.05,0
100454,,-3.664,2.279,1.033,3.065,0.308,-0.483,-3.652,-4.061,2.402,1879.61,0
142348,-0.243,0.74,-2.276,-0.64,-2.041,3.474,3.106,-3.417,-2.745,4.96,3829.58,0
84582,-0.672,-4.224,4.062,-2.407,2.309,-4.854,2.809,-2.33,-0.04,-0.097,4793.93,0
20645,4.263,-3.678,-3.495,1.553,-4.822,-2.73,2.662,-2.84,-0.034,4.366,3756.77,0
6559,4.026,3.816,-0.966,-2.153,-4.752,-3.782,-3.166,-1.731,0.63,-1.938,3538.52,0
40844,,4.352,-1.705,-2.235,-1.56,1.456,-2.066,0.273,-2.063,0.511,1282.45,0
21967,2.915,-3.064,0.404,-0.719,2.596,-4.863,-1.891,-1.18,2.153,-0.896,776.12,0
64232,-4.775,-1.259,3.948,2.951,-2.237,-0.4,2.893,1.395,-2.592,-3.043,1384.49,0
91766,-2.556,-2.311,-3.152,-4.699,-3.633,4.324,4.417,-3.055,-4.882,-1.713,170.68,0
92929,1.275,1.449,-2.98,-4.61,-1.958,-4.313,-1.226,-1.075,-3.04,-1.836,2635.44,0
100434,4.26,-0.263,4.01,3.345,2.007,2.771,-0.963,-4.521,4.826,-1.497,178.21,0
2115,3.583,0.789,-1.673,-1.543,2.237,1.693,-2.279,-2.064,-4.619,0.094,4690.74,0
146267,,0.267,4.608,-1.896,4.721,0.935,-3.373,1.895,-0.966,-0.3,1190.85,0
49801,-4.314,-4.64,3.306,0.131,1.103,1.262,1.802,-4.279,2.674,-4.28,1687.4,0
152233,1.973,4.312,1.924,2.627,1.037,0.216,-3.858,-1.796,1.317,-4.229,534.72,0
45279,2.895,2.216,3.49,4.336,1.128,2.454,-1.022,2.971,-0.139,-3.74,1515.81,0
89297,-0.605,-4.956,0.767,0.756,-2.836,4.967,2.954,0.412,-2.544,-1.327,3444.5,0
152733,3.318,-0.648,0.503,0.763,-3.709,-4.473,0.855,-0.281,-1.618,-1.98,3719.77,0
417,1.552,-1.745,3.394,2.188,-3.887,4.349,1.032,-4.263,2.705,-4.22,2704.25,0
10806,4.981,-3.565,2.045,4.271,-4.281,0.207,3.754,0.765,1.127,-2.544,1683.12,0
167480,-3.776,-2.421,3.635,-3.085,-3.094,-4.674,-2.16,1.507,2.597,-1.62,4571.17,0
147254,3.116,3.761,0.645,-3.22,2.148,0.067,2.964,-2.044,1.448,4.588,2088.83,0
129608,1.682,-4.037,0.502,-4.786,2.557,3.664,-2.313,2.331,-2.217,-3.363,2240.79,0
162792,1.774,-1.472,-1.811,-0.562,-0.639,4.606,3.094,0.835,1.741,0.299,2914.76,0
63303,2.487,2.624,0.714,-2.129,-4.148,1.64,-2.456,1.879,-1.998,4.936,2974.11,0
151138,,-4.286,-0.159,3.261,3.146,2.511,-1.232,4.685,-3.597,-4.869,390.39,0
78244,-0.582,1.876,1.893,4.397,-1.888,4.42,-2.122,4.518,2.09,0.76,3682.23,0
63180,-4.582,0.481,-4.409,-2.099,2.65,4.156,-2.248,0.585,3.06,-3.964,3653.13,0
127156,-4.554,-0.133,-0.747,0.055,-3.018,3.863,-3.745,2.933,-4.82,3.688,4236.09,0
160036,1.816,2.539,-3.78,-4.991,4.945,0.774,-2.165,3.691,-2.384,-1.543,3513.26,0
95414,-1.693,-4.673,3.341,3.778,3.027,-0.659,-3.11,-4.305,3.122,0.782,?,0
130480,-1.405,2.382,3.73,-0.932,4.572,-2.734,-0.622,1.609,-3.261,3.66,2137.55,0
108192,-4.933,1.919,-1.719,3.866,-2.599,2.599,-4.151,-4.564,-4.147,-0.695,4666.63,0
150392,2.011,-2.808,-4.322,0.667,1.696,-2.835,0.444,3.838,-1.851,2.714,2621.05,0
102771,-2.521,2.983,-4.076,4.892,1.448,1.505,-2.916,-4.863,-1.834,3.639,4768.38,0
127856,1.431,-1.151,3.653,-0.23,-4.002,-4.734,4.07,2.949,-1.978,2.446,2066.86,0
65949,-3.326,0.069,-0.489,2.511,2.003,-2.401,4.578,-2.003,-3.069,3.308,1034.75,0
128632,-0.198,-1.125,-0.645,-2.74,-4.075,-1.761,4.406,3.043,2.701,-1.315,3280.31,0
26794,-0.636,-3.698,4.596,2.6,-2.012,3.508,2.794,-2.441,1.99,1.128,4401.68,0
48275,4.812,-4.614,2.121,4.141,-2.564,4.42,4.568,-3.687,3.442,1.832,4470.29,0
121436,-3.846,-1.039,-0.121,-1.327,3.95,-3.766,-1.962,0.853,3.949,-4.583,4675.52,0
153845,1.942,-4.7,2.633,-3.628,2.189,0.303,3.066,-3.495,4.363,4.347,530.55,0
25054,-0.76,-0.613,-0.767,1.996,-3.804,-2.85,-4.498,-1.776,-1.208,0.82,4292.98,0
22669,-0.209,-4.645,-1.413,2.901,-0.347,-4.076,1.493,3.751,4.778,4.003,850.64,0
47500,-2.652,-0.196,0.632,-1.908,2.398,1.39,-4.777,1.153,-4.175,3.085,4112.32,0
5957,,-4.916,-4.684,-1.1,-1.391,4.781,-0.168,-4.675,1.009,-1.218,?,0
97033,4.088,-1.343,1.684,-1.116,-0.823,-1.188,3.238,-1.989,1.916,4.808,823.32,0
69239,-1.906,-4.887,2.394,-2.255,0.824,0.839,3.061,2.563,0.14,4.356,4441.46,0
123266,4.217,0.961,0.063,-0.403,1.37,0.004,-3.846,4.991,4.209,2.836,1775.07,0
26402,-1.971,0.181,0.404,3.862,0.206,-2.664,-2.248,4.465,-3.922,-1.989,4886.8,0
172408,-4.197,3.458,1.663,-4.178,-4.511,-1.438,-1.372,-4.765,-2.077,2.28,4685.22,0
36683,-0.953,-4.11,-3.169,0.538,1.278,-2.932,3.203,0.198,-0.156,-1.505,3143.41,0
161188,-3.554,-2.381,2.079,-1.704,-1.419,0.75,3.146,-1.322,2.325,0.257,506.01,0
91546,-2.254,-0.023,-2.796,2.365,1.783,-1.66,4.483,0.364,-0.679,3.741,4787.54,0
39916,-0.464,0.398,-0.102,-3.967,0.132,3.921,-0.075,-3.286,-4.307,-0.989,2548.51,0
139085,1.737,2.186,4.553,0.262,-4.351,3.411,3.64,-0.322,2.004,-2.287,3359.39,0
119540,1.535,4.991,0.215,-2.248,1.05,-2.16,3.303,2.682,4.106,-0.724,109.74,0
157270,4.087,2.545,3.736,-1.577,-2.703,-0.354,-0.285,-3.793,-4.005,1.87,223.28,0
66415,0.126,1.859,1.834,-4.319,-4.801,-4.322,-1.29,2.66,-1.303,2.127,318.39,0
55143,2.129,-3.942,-1.623,-3.044,-2.077,1.896,1.075,4.996,3.784,3.954,4362.83,0
78217,-3.498,0.468,2.767,4.055,-1.73,-3.334,-4.139,0.993,-3.403,3.429,4884.54,0
137786,,1.723,4.282,4.637,3.922,3.092,-4.278,-0.538,0.689,0.332,1039.37,0
13563,-2.25,-0.454,2.946,1.348,3.035,-2.876,4.484,0.459,2.714,0.544,4041.5,0
87992,-1.2,0.226,-2.269,3.524,-2.928,-4.299,-0.849,-3.389,2.553,-3.348,1599.46,0
166368,-0.469,3.397,1.143,-2.196,1.649,-1.723,-2.57,3.562,-4.695,2.444,3446.15,0
94211,1.854,-4.453,3.39,-1.569,-0.692,3.834,-2.176,0.523,-1.466,1.376,2319.89,0
112434,2.009,3.66,-3.771,3.163,1.703,-3.992,-2.996,-0.906,-2.09,4.992,2400.69,0
76304,1.226,-3.926,-3.074,2.965,-3.945,1.007,-0.339,-2.532,0.933,1.555,3349.31,0
166524,-4.357,-0.002,1.791,3.166,0.626,-4.678,3.516,-0.347,-1.116,4.598,885.48,0
22732,1.44,1.797,3.371,2.509,3.737,4.505,1.843,-0.884,3.986,-2.307,3653.72,0
107633,-2.53,-0.584,-2.136,-0.025,-0.297,-1.083,3.629,-0.448,-3.168,-2.536,2163.27,0
60578,3.685,-3.374,2.731,-1.74,2.388,-3.683,-2.131,-3.048,1.91,1.013,2825.3,0
59199,2.362,3.519,4.942,-1.154,4.292,-2.099,-1.198,4.171,-3.09,2.797,4553.17,0
45371,0.38,1.953,-2.167,-1.806,4.494,-3.395,-3.781,0.312,-3.503,-3.944,3232.7,0
88337,-2.783,-4.119,-4.771,-0.584,3.629,2.025,2.303,-3.38,0.324,3.116,3782.26,0
61300,-3.854,0.742,-1.734,2.146,-4.507,-3.944,-0.068,0.176,-0.145,4.568,1967.92,0
91305,-1.903,-0.33,-1.5,3.8,-0.076,-0.223,3.326,-1.23,2.262,1.701,874.66,0
76854,2.89,4.031,4.39,-3.79,4.244,-0.028,1.624,3.827,4.636,-1.443,972.02,0
6907,-2.655,-0.165,4.624,3.271,-1.307,4.72,2.265,-0.728,-3.044,1.624,706.89,0
74203,-4.59,-2.559,-3.258,-3.362,-1.844,-0.304,1.721,-4.73,-1.265,0.424,2883.97,0
94994,,-2.486,4.618,2.638,2.418,-3.519,2.856,4.441,-0.299,-3.587,1837.13,0
168218,-0.704,0.651,-3.734,-4.553,-3.617,0.893,-0.869,-2.961,4.041,1.904,422.5,1
23875,-1.077,2.347,-2.157,-2.975,4.532,2.828,3.073,3.38,3.671,-2.397,2018.82,0
151271,-0.463,1.171,-2.951,-3.313,-3.783,1.036,-2.883,0.71,4.859,-4.368,3083.82,0
18021,-3.921,0.006,-1.099,0.35,-1.194,4.771,-0.404,3.639,3.421,-0.828,1370.41,0
13438,-4.763,-2.183,3.462,3.124,-1.657,-0.878,4.85,-3.413,4.663,-2.277,4392.58,0
32440,-2.867,-4.313,-0.6,1.379,3.653,-1.015,0.045,-1.471,-1.716,-3.941,4632,0
60607,-4.854,-4.382,-0.749,4.918,0.808,0.577,0.293,3.353,-1.244,3.918,4317.96,0
14891,0.573,3.011,-1.723,-2.588,-1.606,4.482,-2.18,-2.743,-0.534,0.612,1370.73,0
61311,4.372,0.039,-4.437,-0.337,-4.692,-2.641,-1.774,-1.22,3.83,-4.361,1686.62,0
13665,2.159,-2.884,0.561,-0.103,-1.746,1.443,-4.156,0.586,1.399,2.698,4836.47,0
39319,-0.859,-0.707,3.284,-2.549,1.139,-1.608,2.851,3.166,-2.09,-4.831,4388.74,0
62952,0.071,-3.666,-4.06,0.835,4.829,1.211,-3.169,-2.883,-0.273,1.116,2013.29,0
2086,0.587,4.678,1.994,1.309,4.333,-0.116,3.917,3.24,4.59,0.548,?,0
152100,1.523,-2.844,1.175,1.578,0.413,0.065,0.952,-2.31,-2.834,4.74,1455.43,0
43741,-1.812,1.624,1.957,-0.321,2.854,-1.501,3.282,1.32,-3.775,-2.173,?,0
98082,-0.21,-3.932,2.963,-3.462,-4.646,-0.494,-4.28,1.199,-1.921,4.65,850.87,0
111873,0.618,-3.189,3.647,-0.964,3.994,2.611,-0.77,-0.129,1.646,-3.55,4643.43,0
151528,3.157,-1.358,-1.521,-2.298,-2.086,-0.055,-4.034,-4.874,-3.818,0.664,2576.93,0
141722,1.434,-0.497,-4.049,2.478,3.01,0.134,-1.183,-4.151,-2.461,-4.982,1711.72,0
68540,-3.425,-0.985,3.61,0.741,-3.46,-2.146,2.315,-2.638,-3.505,4.788,4405.85,0
171557,-0.331,-3.817,1.067,-1.013,-2.038,-0.935,-0.378,-2.514,1.453,0.366,3759.36,0
136497,2.497,4.387,-2.824,-4.069,-1.732,-0.571,-2.298,1.795,2.044,3.295,3971.3,0
138759,0.246,0.313,-2.842,3.852,3.73,3.332,0.896,0.231,-2.34,-1.622,1828.54,0
46467,-4.11,-2.8,4.348,1.791,-3.141,-1.962,0.206,-3.775,-4.889,3.894,3457.1,0
164437,3.687,0.752,1.586,-0.547,0.284,1.658,4.064,-1.511,-3.487,-4.083,1758.16,0
34049,-2.076,3.362,-2.469,3.752,4.165,3.602,-4.306,-4.605,-1.655,1.165,3869.37,0
160369,-3.744,-1.412,-0.672,2.334,4.337,-0.035,2.888,-2.812,1.911,3.953,1507.85,0
13103,-0.626,4.903,-2.786,-2.809,2.957,4.09,2.119,-0.127,0.698,4.518,1660.57,0
31543,-1.399,2.236,-2.161,-1.294,-0.073,3.22,-4.332,-4.03,-2.661,0.458,3346.86,0
13788,2.891,0.95,-3.344,0.58,3.577,2.71,-3.58,-0.835,2.354,-4.647,4925.55,0
90830,2.072,-1.684,-1.391,4.501,0.047,2.052,-3.338,-0.857,-3.051,1.607,4883.03,0
100673,1.868,-3.5,-4.134,-0.647,-3.966,0.795,-0.784,-2.7,0.782,-1.562,674.93,0
71455,-0.585,4.912,-1.145,-3.092,-2.938,3.928,2.011,-0.156,1.329,1.486,4687.23,0
140621,3.457,-1.4,1.356,-0.005,0.098,0.28,0.626,-1.458,3.635,0.321,411.67,0
51494,2.014,-1.399,0.667,-2.361,-1.102,-3.393,3.801,-3.922,-3.227,4.646,278.74,0
82217,4.859,-4.964,-0.942,1.367,-0.051,2.213,-4.328,-3.328,-4.569,3.595,3495.89,0
3057,2.972,-3.243,-1.955,-1.075,1.463,-2.603,0.414,2.538,0.501,-0.167,297.38,0
93428,-2.469,1.029,1.649,-4.398,-3.833,-0.481,0.919,-4.276,1.483,-4.192,3137.7,0
29563,2.155,-0.616,0.312,4.608,1.021,1.853,3.166,-0.064,-4.056,2.559,861.26,0
114921,,-3.724,3.65,1.507,1.685,0.942,-4.713,4.552,2,-0.979,114.04,0
6618,-1.248,0.402,-3.682,2.871,3.225,2.954,0.817,-4.557,4.392,3.484,4745.31,0
82044,4.621,3.058,4.555,4.822,1.9,-4.087,1.319,-2.244,-0.339,-2.061,4298.53,0
115167,3.87,4.182,-3.665,3.082,1.186,1.941,1.24,-2.882,4.467,1.145,986.03,0
18959,3.196,3.636,-3.034,-0.412,-3.918,-2.544,-2.653,3.949,-3.312,-4.892,1483.02,0
2201,1.048,-4.912,-4.211,2.534,4.903,-4.999,0.151,0.792,-3.262,-3.659,1010.44,0
74107,1.842,-0.946,4.433,-2.69,-4.331,3.639,-3.352,-3.643,-1.808,-4.286,2265.74,0
35845,3.798,-4.777,-4.035,-0.531,-0.162,-1.816,-4.527,0.098,0.661,4.949,151.32,0
127680,-3.716,0.899,0.727,-0.888,1.403,2.713,-3.054,-3.59,3.071,-2.564,4890.27,0
140485,-2.65,2.052,4.383,2.043,0.306,-0.369,3.775,3.953,-1.127,-4.335,2690.28,0
64564,0.666,-1.66,3.532,4.05,-0.184,2.128,3.48,0.444,-0.258,3.628,3760.27,0
6995,,0.724,-3.614,-4.975,1.953,1.521,-0.397,3.692,-3.745,-4.987,4829.08,0
165697,-1.861,0.66,2.572,2.611,1.833,4.657,-4.494,4.692,3.272,1.117,2948.95,0
105579,-4.721,-4.512,-3.11,3.325,-1.541,-0.857,0.981,-4.03,3.913,3.702,3266.7,0
48433,3.449,-4.846,-4.36,-1.118,-4.735,0.12,1.317,-3.849,2.972,1.398,2234.53,0
123937,-3.752,1.779,2.851,1.614,-1.007,2.277,1.165,0.524,-2.648,-1.074,4518.92,0
163289,-3.53,1.645,-2.049,0.628,4.563,-3.638,-0.605,-3.293,0.617,4.088,158.51,0
94938,-3.083,1.408,-3.299,3.289,-2.849,1.178,-2.777,1.492,-1.612,3.036,3300.42,0
77637,-0.187,2.435,-4.823,-3.053,0.193,-1.45,-0.699,1.306,-1.016,3.355,2621.21,0
101412,3.645,2.621,-3.238,-4.656,-0.212,-4.478,2.28,1.78,-2.795,1.343,1004.31,0
97329,1.284,-4.218,-3.667,-4.544,-0.338,-1.153,2.543,2.299,0.886,2.18,825.19,0
59444,3.554,-2.773,2.096,-4.445,-4.745,-4.66,-2.04,2.222,-2.682,-2.054,1141.95,0
159033,-1.978,-4.781,3.169,-0.03,0.45,-3.026,4.702,-4.738,4.12,-0.765,3886.56,0
103857,4.558,-4.032,2.962,4.039,4.254,4.579,-1.784,4.777,-4.486,-2.437,1970.21,0
151357,-4.023,1.114,2.655,3.685,-2.856,-1.056,4.314,4.242,-4.203,4.053,3729.87,0
147244,1.407,-1.113,-2.39,3.573,-2.576,-0.976,3.085,0.351,-3.71,2.593,3549.15,0
170772,4.205,1.537,-4.192,-0.986,1.328,-2.308,0.051,0.268,-0.609,-4.92,4773.01,0
30650,-2.125,2.457,1.741,-1.79,-0.217,-2.171,2.944,4.415,4.382,-3.835,1888.13,0
132990,-0.16,1.799,-0.667,3.275,4.655,-4.998,-0.523,-1.854,2.032,-4.393,2693.38,0
58402,-3.328,-4.322,-2.279,2.503,3.803,-1.257,-3.463,0.121,1.806,2.569,3703.08,0
69755,-0.688,-0.663,-2.157,0.272,1.404,1.969,0.187,-4.494,2.244,2.495,683.14,0
77986,-0.513,-2.131,-3.451,1.791,-4.826,-0.302,1.936,-0.664,-0.24,0.499,1053.48,0
94847,2.272,-4.454,1.755,4.356,-3.929,1.51,-2.874,1.498,0.621,3.327,1878.73,0
29006,-2.559,4.556,-4.144,-1.165,-3.853,4.479,-0.712,-3.194,2.315,0.727,4018.58,0
15849,0.478,2.694,-2.779,4.934,-0.832,-4.083,-2.893,2.807,2.5,-1.083,3633.73,0
27655,4.596,1.362,1.796,3.213,0.27,4.239,-4.581,1.313,0.333,-1.399,3766.66,0
93379,-4.852,-3.395,-2.803,0.562,-1.44,2.479,-3.994,-0.306,0.142,-4.646,469.61,0
3878,-0.719,1.701,-4.749,-1.824,-3.978,-3.869,-3.666,-3.67,-2.004,-1.354,2166.89,0
41658,-3.821,2.99,4.629,-3.705,3.731,1.461,-3.284,-3.105,-0.021,-4.021,3258.02,0
96120,-3.494,-3.333,-0.168,-4.761,-2.863,-1.914,1.297,-2.826,-0.492,-3.739,1.54,0
82117,2.581,-2.313,-4.533,-3.837,-1.482,-0.569,1.504,-2.993,-0.162,-0.141,75.01,0
111593,3.075,-3.349,-2.325,-2,-4.146,-2.724,-1.882,-1.623,-3.162,-0.849,1358.75,0
68131,1.085,-4.21,4.556,1.116,-3.099,-0.348,-3.198,4.453,-1.524,2.101,1061.31,0
111385,-0.291,-2.541,4.575,-1.119,0.327,-2.928,-3.022,-3.848,-3.363,-1.589,4901.36,0
23515,,2.483,1.359,-1.531,4.881,-3.018,-1.096,1.651,2.63,-1.653,2726.78,0
30853,-3.347,-4.459,-3.02,-4.64,-1.459,3.935,-0.389,-0.769,2.635,-1.566,861.6,0
42387,-3.324,0.795,-1.721,-3.739,-2.275,-4.38,4.714,0.534,3.977,-2.294,1538.54,0
65987,-0.656,0.698,0.216,0.194,0.974,1.438,0.577,1.971,-2.07,-3.747,3250.7,0
169249,-0.744,1.14,-3.13,-4.113,3.358,0.664,3.789,-1.853,-3.904,-3.909,2116.36,0
31237,4.458,-2.386,4.194,1.882,-3.713,4.279,-0.633,3.276,3.672,-0.039,3486.28,0
12347,-0.652,3.263,3.99,4.962,2.722,-2.878,-0.12,-2.149,-4.834,1.767,3081.07,0
92626,-4.505,-3.765,-4.126,-4.154,-0.302,4.825,-0.531,3.873,-0.267,-3.001,536.98,0
66317,4.477,4.666,4.568,2.942,-0.731,2.444,1.783,-1.376,3.67,-3.82,4294.41,0
96384,-3.38,-2.77,-0.785,-2.876,-4.979,-3.645,-3.318,3.651,2.357,-3.928,544.81,0
110699,-1.266,-2.966,-1.744,0.849,-4.853,-4.956,-0.757,-2.508,-4.345,0.345,3464.1,0
21490,2.826,1.621,0.475,-1.525,1.01,3.395,-0.37,1.499,2.442,-0.241,1028.89,0
58026,2.31,4.673,4.85,-4.974,3.007,3.877,3.198,0.924,1.197,-1.068,3702.51,0
54688,4.862,1.772,4.128,-4.18,3.235,3.853,4.151,2.827,-2.289,2.361,2875.64,0
120679,2.27,1.406,-4.406,-3.319,3.34,-3.858,2.34,-4.209,3.182,-3.746,1652.48,0
113486,,-3.81,-4.289,-0.064,-1.033,-4.123,-3.595,4.187,2.849,2.462,1275.82,0
141953,-4.976,-4.071,-4.184,-2.881,0.714,0.558,1.625,-1.463,-3.245,1.397,4537.46,0
127505,-1.355,-3.399,1.784,-4.572,-1.529,1.595,-1.805,3.292,1.927,1.681,620.76,0
50846,-3.497,-0.726,4.446,1.476,-4.76,4.227,3.563,-2.129,1.305,3.79,2636.08,0
169625,0.428,1.631,3.478,-4.694,4.585,-3.282,-1.255,0.765,-3.254,4.04,1115.53,0
72591,-1.555,error,-2.836,1.911,-1.792,-4.241,-2.501,-1.895,-0.887,3.148,265.87,0
137715,-3.157,4.08,-3.549,2.537,0.14,3.322,-4.971,4.155,-0.483,-1.569,4508.83,1
104640,-1.448,1.414,-4.443,-1.936,-1.085,-1.889,-1.144,1.35,-0.765,4.742,735.68,0
12675,3.076,-2.689,1.011,-0.498,-4.834,-2.094,0.589,-0.106,-1.515,0.337,4692.01,0
139172,-1.756,-1.417,3.139,-0.759,4.081,3.118,1.53,-2.281,-0.413,1.085,3837.21,0
97971,-0.083,0.517,4.852,0.876,3.929,1.25,-2.682,0.329,0.962,4.196,4652.85,0
164058,3.08,0.74,-2.335,0.714,4.327,-4.679,1.722,-4.411,-4.249,2.145,1905.87,0
85902,-1.665,1.622,2.551,-4.673,-1.813,4.017,2.81,-2.779,2.272,4.669,3685.09,0
165802,2.911,-4.303,-0.061,4.155,-4.822,-2.088,3.465,-4.049,3.822,3.018,553.4,0
100625,0.666,-0.154,-2.9,3.175,-1.886,-1.268,-0.584,-4.861,4.007,-4.551,2976.18,0
11252,-4.453,4.548,3.754,1.467,-2.299,-0.899,-3.714,0.327,0.085,-2.601,3928.51,0
96639,0.05,4.506,-0.766,-1.325,1.984,1.199,2.642,1.927,-0.778,-0.394,1469.23,0
73963,2.097,-3.023,4.8,-4.319,1.532,-2.109,1.239,-4.777,-0.928,-0.735,1567.31,0
82771,4.052,-3.929,-2.842,4.115,-3.089,0.851,3.138,4.53,4.503,1.097,2925.37,0
98926,-2.374,-4.773,4.821,3.503,4.784,-4.942,-1.745,2.25,-0.252,3.192,1165.77,0
149204,-4.846,-1.531,3.745,2.953,0.856,-4.771,-3.7,-0.676,-1.201,0.686,428.5,0
13547,2.152,-0.332,3.077,4.795,-2.917,4.101,-4.108,4.536,3.514,-0.714,591.69,0
94135,-3.572,-1.979,4.183,-0.435,-1.382,-3.019,-0.498,-1.586,-1.165,-4.853,4168.41,0
150255,4.549,3.803,2.86,-0.223,-1.588,0.147,-3.086,4.676,-4.934,-2.883,2988.57,0
143265,4.71,2.792,0.416,4.006,-0.568,-2.513,3.767,-3.324,0.6,1.551,2790.39,0
116168,2.273,3.715,2.096,1.014,3.377,-0.158,0.77,1.694,-2.389,3.701,506.71,0
12178,0.698,0.656,-0.761,3.39,2.822,0.523,0.003,4.255,2.883,-2.836,3496.46,0
135779,-3.856,2.248,-4.296,3.692,0.568,3.501,-3.524,-1.37,-1.352,1.313,987.43,0
61305,-2.089,3.553,2.158,4.547,-3.547,3.11,1.642,0.251,-3.106,-4.584,919.66,0
7825,2.384,-1.676,4.815,0.5,-0.325,-2.852,4.607,-3.392,3.487,-1.061,4144.82,0
43488,4.127,1.004,3.328,-1.372,-3.368,-3.212,-4.4,-2.931,-3.758,-4.874,75.1,0
127900,0.004,-3.187,-4.33,-2.109,0.415,-3.934,2.697,-4.394,3.242,3.086,3489.54,0
121914,-2.952,1.767,2.27,0.689,-4.59,-2.177,3.865,0.069,3.148,-1.563,2228.81,0
84479,1.941,-4.848,-4.54,2.053,0.792,-1.799,-2.534,-1.417,-1.951,-0.324,484.91,0
90610,-4.644,-4.136,-0.753,0.746,4.766,-2.135,-1.92,-3.981,-0.985,-0.062,388.94,0
5738,1.08,4.267,-3.481,1.61,2.57,4.655,-2.073,2.159,1.319,-0.756,616.6,0
29146,-0.048,-4.303,1.563,2.519,2.026,0.228,3.53,-0.403,4.084,-4.77,4633.76,0
139937,-4.112,-3.776,4.866,-4.912,1.922,-4.228,3.432,-3.047,1.344,1.199,628.08,0
94586,0.974,3.042,2.495,-4.282,-2.172,0.047,-1.992,-4.257,0.218,-2.574,1058.1,0
102934,-2.676,-4.009,-3.313,0.58,0.036,3.284,-2.622,2.852,3.858,2.4,487.74,0
148743,0.554,-0.771,-2.27,0.255,3.058,-2.115,4.564,-4.66,-4.247,-3.372,2096.57,0
57021,-0.803,-2.876,-0.154,-4.593,-2.079,2.546,-4.439,-4.923,2.758,-0.462,2202.44,1
101098,2.532,-0.914,3.777,4.532,-4.008,-1.532,-1.394,-0.702,0.565,4.635,89,0
109328,1.288,2.804,-1.7,1.189,-0.528,-2.846,0.335,2.075,1.616,-2.102,2818.84,0
84054,1.946,-4.929,-4.12,1.441,-1.159,4.432,1.835,1.461,-1.016,0.819,2406.79,0
162465,2.349,-0.268,0.003,-4.852,4.526,-4.068,2.011,4.578,-3.237,1.242,2742.09,0
99618,-0.358,-2.562,-0.311,-0.715,-2.025,4.839,3.307,1.628,-0.144,-0.371,4662.5,0
21012,-4.456,0.554,-3.194,4.828,0.194,-1.21,0.927,-2.143,-0.698,0.45,426.88,0
139583,3.449,1.989,-4.75,0.165,2.441,1.992,3.299,-4.705,4.658,1.559,1525.23,0
1412,-4.015,-2.568,4.781,-4.658,-3.754,-3.502,0.306,1.194,-1.338,-4.343,1166.18,0
93566,-3.213,2.909,-0.082,3.66,-2.283,4.89,1.928,1.962,4.948,3.326,4689.37,0
122272,3.912,-4.386,2.265,-0.517,0.12,3.782,3.96,-1.887,0.807,-3.181,4039.12,1
156170,4.378,0.072,-1.265,-0.291,0.696,1.763,2.173,2.436,4.061,-3.922,4377.95,0
101339,0.598,2.118,0.202,3.877,-4.715,-2.757,-2.623,-0.712,-0.313,-1.425,964.04,0
89567,-0.542,-3.514,3.903,-1.113,-4.023,-0.669,4.458,1.1,-2.828,-2.472,1632.41,0
62443,-3.958,-1.185,3.82,-1.911,1.603,-2.722,-2.981,-0.075,-3.097,-1.32,2604.98,1
167944,-0.094,-1.378,-1.543,3.175,1.789,-4.417,4.672,-2.552,-3.154,-2.402,4091.09,0
29093,-3.006,-1.136,-3.232,0.607,0.338,-1.369,3.573,1.958,2.826,4.016,2730.92,0
114967,-4.369,2.694,1.743,4.938,-2.045,-1.283,1.536,2.874,-2.75,-3.264,3753.78,0
97333,3.799,1.282,3.318,1.683,-0.347,1.937,4.24,2.579,4.337,-4.745,3571.09,0
155221,0.793,0.636,-1.388,-0.367,-3.52,1.772,-4.575,3.272,0.997,-2.814,1232.71,1
138969,1.816,3.636,-3.654,2.657,2.288,0.559,1.773,-2.597,-4.655,-4.386,2944.12,0
43214,4.002,-2.562,-2.176,-1.802,-4.1,1.095,-3.778,-3.486,1.664,3.351,148.39,0
144626,1.433,-1.164,-0.143,-2.92,3.219,0.768,-2.652,-2.646,-4.95,3.738,4172.61,0
85884,1.777,-4.957,3.655,-0.704,0.558,0.102,-2.676,-0.265,-2.904,-0.537,3299,1
100230,-2.873,2.596,-4.73,1.287,0.351,-2.016,0.718,1.391,2.95,1.286,4261.44,0
121545,0.725,0.009,-3.661,0.641,2.626,-2.119,4.047,-2.115,0.343,0.574,571.68,0
166948,,0.84,1.918,-3.766,3.383,3.394,3.352,-1.858,1.63,1.638,3159.24,0
153058,1.715,2.681,0.236,-4.224,-0.071,3.02,3.646,1.012,2.502,4.91,1684.79,0
117628,0.783,2.11,-0.357,4.864,-0.779,-1.128,2.137,-2.826,3.407,-4.095,4123.36,0
104085,-0.504,3.761,-3.118,0.911,-1.127,-1.096,-1.973,-3.707,-2.764,2.997,4108.62,0
98514,0.782,4.791,2.66,1.081,3.568,-1.146,0.631,0.003,4.585,2.868,2364.8,0
36839,-1.765,3.47,2.106,2.112,0.668,-3.07,4.882,1.612,-4.84,-3.909,798.75,0
1,-4.441,-2.996,3.808,-2.644,3.985,0.554,-2.935,2.718,-3.841,-2.546,3250.3,0
53657,-1.801,-3.251,1.946,-3.996,2.7,1.262,-2.139,-4.776,4.798,4.778,802.21,0
110289,-3.375,2.398,-4.079,4.881,0.811,2.733,-3.456,-4.329,-3.44,0.818,1894.23,0
45330,-3.689,-4.565,0.684,-0.698,1.64,4.185,4.478,-3.578,4.51,-0.35,2888.11,0
144121,-2.192,3.112,3.627,4.146,3.064,-4.741,1.502,-3.111,-0.663,1.21,196.96,0
163387,4.42,1.834,-0.493,-2.581,3.318,2.849,-0.137,-3.311,-0.746,3.838,1439.88,0
156296,-0.396,4.693,4.748,-3.886,-3.429,0.593,0.787,2.616,-2.891,-4.541,1623.63,0
154335,-4.874,0.881,-2.141,1.919,-3.132,-0.129,3.573,2.604,-2.86,3.867,2554.43,0
76087,-1.713,-1.214,-3.045,1.41,2.302,-2.672,2.942,-2.355,-1.893,4.607,742.11,0
39460,-1.134,3.008,0.5,-0.208,-2.554,-4.478,-1.315,2.9,-3.804,-3.896,3544.46,0
92099,-1.608,-0.522,4.855,-0.485,-3.225,4.098,-2.471,2.051,-1.776,0.511,1326.36,0
165098,-3.704,-2.549,1.455,0.274,1.973,-3.662,1.929,-1.475,1.634,-3.489,4315.55,0
163564,-4.955,-1.906,-3.508,0.896,-3.203,4.613,-3.443,-3.206,-1.926,-0.265,13.13,0
70723,3.956,0.519,4.388,4.311,-4.21,-2.241,2.277,-2.618,-3.517,-0.272,2432.59,0
92234,3.279,-0.314,-3.935,4.791,-3.752,-0.825,-3.815,4.376,-3.015,-0.438,4549.88,0
116100,-3.619,-0.945,-3.025,-1.4,-3.902,2.654,0.167,-0.811,-0.129,3.952,3317.6,0
29681,4.509,0.897,1.266,-2.754,4.559,3.345,2.073,3.928,2.796,1.352,1645.2,0
32490,-1.827,3.394,-0.132,-2.004,0.97,-4.872,-4.151,-0.754,-3.416,3.713,1436.73,0
165862,2.631,3.59,-1.228,3.627,2.537,-4.105,-3.807,1.941,1.504,0.273,1860.55,0
76542,-3.896,4.976,-2.768,-1.703,3.633,3.455,3.356,-4.709,-2.566,-2.308,300.06,0
65076,-3.211,-2.686,4.087,-1.043,2.29,4.498,4.401,3.809,4.143,0.524,1543.4,0
5775,-2.942,1.822,-2.459,-1.557,-2.608,2.757,-2.521,-0.496,-1.01,-4.346,87.8,0
38570,2.413,4.826,-1.015,3.159,-4.506,1.946,-0.654,-4.038,2.275,-3.019,2469.66,0
35597,-0.04,-3.441,-3.821,-0.316,2.347,-3.342,-1.271,-0.987,-2.976,-1.951,1056.4,0
109295,-1.055,-2.059,-3.284,1.439,-1.688,-0.542,2.553,3.457,1.875,-1.269,1598.36,0
143801,-4.366,3.171,1.047,-3.735,-0.65,1.575,-3.847,-2.614,-0.507,-1.448,120.76,0
53079,-1.602,0.251,1.488,0.965,4.754,1.857,2.473,-2.659,-0.673,-0.653,1300.1,0
117662,-4.209,3.924,4.063,1.876,2.599,-3.34,-3.171,-3.814,1.875,-2.22,3858.27,0
145203,4.605,3.028,3.628,-1.18,-4.694,0.534,-2.086,-2.639,-3.727,-1.843,2970.89,0
123846,-1.306,-1.596,-2.361,2.084,1.454,-1.966,4.95,-1.553,-3.022,-0.044,4850.82,0
104809,0.767,-0.432,-0.887,0.146,3.569,-3.287,4.322,-1.103,-0.364,2.718,3641.38,0
171630,2.64,4.055,-3.24,-4.779,-1.026,-1.706,-0.913,-1.262,2.537,3.264,651.57,1
36154,1.949,-1.486,-4.061,-2.585,-1.706,1.883,3.183,-0.59,-2.463,-1.581,3605.26,0
49928,4.189,3.813,4.849,3.222,3.334,4.677,-4.845,-1.573,-2.609,-0.939,242.99,0
64611,-1.285,-2.85,1.904,0.388,0.856,-1.403,4.563,0.657,-3.446,-1.09,3865.72,0
1249,1.207,2.292,3.087,-1.512,-1.367,3.932,-4.363,3.279,4.848,-4.735,4585.74,0
172655,-4.203,4.878,-4.975,4.446,-3.076,4.012,2.979,-2.339,4.703,2.58,4976.82,0
148809,3.719,3.06,1.376,-0.647,0.847,0.888,-1.26,1.086,0.056,-1.074,1964.92,0
135949,-1.293,-1.928,3.603,0.116,2.854,3.574,-4.105,4.77,-0.224,-2.721,3178.78,0
72548,4.838,3.034,0.942,0.97,-0.036,4.817,-2.142,-0.72,-0.589,-0.93,2337.75,0
110637,4.291,-3.793,-1.386,-0.075,4.918,-3.306,2.8,2.818,1.379,-4.391,796.06,0
162775,4.994,-1.907,-2.3,2.648,-4.775,-2.728,1.61,1.099,-1.261,-3.496,2701.37,0
136035,1.079,-4.077,3.642,-4.275,2.548,0.975,0.276,3.21,-1.609,3.166,3344.32,0
8644,-2.143,-2.274,1.603,2.003,3.52,-0.781,-2.831,0.136,-0.443,-1.06,2940.2,0
129840,3.996,3.146,0.958,-2.754,-3.454,-1.679,-3.244,4.304,-2.881,-2.28,1699.73,0
19684,0.386,-0.066,1.07,2.308,4.479,-2.63,1.305,4.189,-4.071,0.995,2086.46,0
114055,4.614,2.357,-4.669,3.963,1.073,-0.25,-2.259,3.022,-4.327,4.644,171.41,0
148945,1.233,1.746,4.778,-3.659,2.527,-3.334,2.812,3.929,1.935,4.783,4209.72,0
30306,-2.522,4.56,3.115,-1.625,-3.494,2.024,-0.219,-1.25,1.544,-1.215,4057.77,0
76550,-1.519,-3.042,-2.869,-2.184,3.957,3.081,-3.621,-2.608,-4.022,-2.093,2450.5,0
22376,0.555,2.351,4.236,0.191,-0.276,-0.749,-3.813,-3.962,-3.419,-4.385,2844.69,0
49686,-0.474,-3.396,-4.947,-4.747,-0.612,4.936,-4.735,1.88,-4.858,3.691,102.02,0
150396,0.594,-1.728,-4.453,2.878,3.13,2.416,4.877,-3.786,-0.848,-1.797,3015.17,0
38027,0.155,-2.076,-3.742,0.293,-2.529,-0.532,-1.202,1.553,-2.538,3.878,3233.92,0
130403,-3.84,-3.129,-4.669,-4.838,2.27,3.433,-1.893,-2,0.465,-0.843,4851.12,0
156190,1.246,-3.866,-2.885,2.065,-0.51,0.58,2.376,-0.724,-4.487,1.438,3738.96,0
151797,-1.214,2.628,1.304,4.989,-1.064,3.369,-3.64,4.943,3.559,-2.001,2460.19,0
16380,1.166,1.995,2.72,4.091,4.748,4.585,0.386,4.469,-0.01,-4.978,4630.58,0
114644,0.695,-4.11,4.296,2.738,4.747,-2.922,-2.492,2.849,-2.498,-1.819,2260.21,0
46182,-1.788,1.301,4.385,1.653,0.279,-3.628,2.635,-1.21,-1.071,4.588,726.62,0
16611,-0.62,3.681,0.967,-4.931,-3.179,0.054,-0.369,-4.199,-3.354,2.974,952.18,0
49636,1.541,-4.072,-1.709,3.479,0.605,3.169,0.19,-4.697,4.045,-2.758,4710.08,0
150906,-1.667,2.345,0.415,0.196,1.98,-1.721,-0.68,1.863,-3.871,1.118,2768.66,0
70706,3.701,4.357,3.693,-0.331,-1.691,-2.552,-2.214,-1.52,-1.829,-3.728,902.15,0
131212,4.6,3.305,-1.808,1.434,-1.852,1.237,-3.859,0.993,-0.882,-1.983,1019.05,0
60981,,-1.706,-0.269,1.743,-0.679,-3.489,4.169,-3.297,-2.691,-2.49,2232.82,0
130927,0.358,-4.92,1,4.658,1.15,-4.546,-2.168,-3.625,1.625,0.014,1484.7,0
169107,-2.426,3.779,-3.417,-0.247,0.385,-2.353,1.171,1.869,2.089,-2.673,2561.56,0
68079,1.929,4.526,-0.775,2.939,3.458,3.865,2.832,0.579,3.471,1.247,2129.85,0
57851,-3.876,-1.595,-0.667,2.591,-0.929,4.512,1.466,1.084,-2.719,0.777,881.71,0
9160,-1.877,-1.487,-2.147,-1.389,-3.086,0.592,-0.838,0.747,2.093,-2.488,4685.42,0
146276,-1.384,1.822,4.165,2.681,-1.132,3.442,2.08,0.259,1.093,-1.19,4643.65,0
116301,-2.369,-0.484,2.552,3.303,-3.798,-3.789,0.973,-3.689,-3.683,-1.372,3208.88,0
172314,1.578,-4.958,1.706,3.61,-4.052,-3.823,-4.062,0.46,4.884,4.993,872.44,0
149696,2.92,0.244,-1.05,1.68,-1.356,-4.128,-2.281,4.326,-2.814,-3.222,462.31,0
11417,-1.392,-4.952,0.381,2.544,4.834,2.323,2.208,-1.916,0.262,1.605,1822.65,0
48376,0.849,2.055,3.594,-4.789,0.869,3.272,-3.124,3.599,-0.253,-3.612,1995.8,0
33840,-3.551,2.369,2.073,0.44,-0.783,2.662,-4.512,4.491,0.519,2.146,705.04,0
142688,-4.204,-1.78,-3.463,-4.296,-4.72,-1.623,-2.143,-3.421,-0.334,1.983,3522.42,0
95620,-0.007,-2.265,4.982,-2.429,-1.948,-4.755,0.413,3.999,-1.485,2.54,4365.57,0
159022,1.499,2.379,-2.658,4.209,-3.16,-4.907,-3.491,2.767,-0.775,0.321,1271.09,0
170233,3.639,-2.634,2.909,-4.448,-0.529,2.589,-0.213,-0.699,-0.418,2.294,395.55,0
81732,0.933,2.061,-3.537,-0.772,3.66,3.528,-1.085,-4.415,-2.466,-2.084,4137.92,0
153164,-1.583,2.795,-1.013,-0.575,-3.63,0.635,3.934,-2.298,4.193,-1.811,1320.01,0
21241,-2.028,2.903,-1.687,-4.987,-0.974,2.36,-2.218,-1.796,-1.86,-4.151,1743.85,0
152072,,1.666,4.306,-1.2,1.502,2.75,1.308,-4.711,-1.423,1.715,2198.31,0
152599,3.805,0.134,-2.387,0.143,3.161,-2.223,4.991,-1.424,-3.925,1.788,4933.57,0
8063,-2.896,-0.121,-0.226,1.341,-4.053,0.477,2.669,-3.61,-4.132,-1.679,290.34,0
116465,1.66,-4.121,-0.186,-2.119,-0.452,2.452,-4.752,-0.241,-2.908,-3.624,1623.12,0
149867,4.953,-0.125,-4.805,-0.94,4.052,4.69,0.974,-4.392,0.517,-2.292,3289.17,0
66845,-4.118,1.898,4.291,0.301,-1.705,4.239,-4.856,-2.618,0.469,-4.011,2956.3,0
76252,2.129,0.214,-2.647,3.473,4.082,-1.452,4.068,-1.33,4.21,2.429,4761.97,0
15556,-2.763,-3.639,3.903,-2.567,0.249,4.443,-0.272,-1.798,1.966,3.37,1587.08,0
122389,-4.788,3.693,3.451,4.619,-3.469,2.456,-1.784,1.763,1.243,3.182,3465.68,0
47970,-1.345,-3.061,-2.175,2.956,3.061,4.721,4.751,-3.9,4.522,4.366,3444.69,0
89315,-2.91,0.019,-4.668,1.352,3.52,2.908,-1.938,-2.946,-4.353,-4.341,256.82,0
93561,1.291,1.168,3.152,1.048,4.708,-2.545,2.684,1.705,2.598,-4.968,1055.77,0
17251,0.935,-1.868,1.722,-1.211,1.156,-3.925,2.567,-4.734,-2.702,-0.472,1597.08,0
104303,4.023,-4.29,-1.394,2.062,4.344,-4.348,-2.003,0.36,4.817,3.046,159.41,0
27054,1.209,3.587,1.833,-2.488,2.956,-2.055,2.866,-3.62,-3.076,-0.491,4258.57,0
3905,-1.609,-1.238,2.172,4.074,4.351,1.956,1.446,4.265,0.495,-1.597,4058.97,0
61191,-3.601,1.291,-3.458,-1.476,-1.245,4.254,1.403,-3.555,-3.669,-2.965,283.69,0
158366,4.642,4.514,-1.713,1.262,0.297,-0.006,4.81,-1.374,-0.774,-2.934,3913.2,0
8162,3.187,3.954,-3.273,-1.262,-1.597,0.755,2.74,1.219,1.17,1.174,4116.78,0
46741,0.381,-4.894,1.042,-0.188,3.951,2.598,4.561,-3.169,2.81,-0.815,3226.52,0
3056,2.798,1.045,-3.698,-3.553,0.098,-3.928,0.697,-0.527,-3.878,-0.098,2613.49,0
